Time,Var1,Var2
0.0000,40.0000,9.0000
0.0100,39.9679,9.0270
0.0200,39.9356,9.0541
0.0300,39.9031,9.0812
0.0400,39.8705,9.1084
0.0500,39.8376,9.1356
0.0600,39.8046,9.1629
0.0700,39.7713,9.1903
0.0800,39.7379,9.2177
0.0900,39.7043,9.2451
0.1000,39.6705,9.2726
0.1100,39.6365,9.3001
0.1200,39.6023,9.3277
0.1300,39.5679,9.3553
0.1400,39.5334,9.3830
0.1500,39.4986,9.4108
0.1600,39.4637,9.4385
0.1700,39.4286,9.4664
0.1800,39.3933,9.4943
0.1900,39.3578,9.5222
0.2000,39.3221,9.5502
0.2100,39.2862,9.5782
0.2200,39.2501,9.6063
0.2300,39.2139,9.6344
0.2400,39.1774,9.6626
0.2500,39.1408,9.6908
0.2600,39.1040,9.7190
0.2700,39.0670,9.7474
0.2800,39.0298,9.7757
0.2900,38.9924,9.8041
0.3000,38.9549,9.8326
0.3100,38.9171,9.8611
0.3200,38.8792,9.8896
0.3300,38.8411,9.9182
0.3400,38.8028,9.9468
0.3500,38.7643,9.9755
0.3600,38.7256,10.0042
0.3700,38.6868,10.0329
0.3800,38.6478,10.0618
0.3900,38.6085,10.0906
0.4000,38.5691,10.1195
0.4100,38.5296,10.1484
0.4200,38.4898,10.1774
0.4300,38.4498,10.2064
0.4400,38.4097,10.2355
0.4500,38.3694,10.2646
0.4600,38.3289,10.2937
0.4700,38.2883,10.3229
0.4800,38.2474,10.3521
0.4900,38.2064,10.3814
0.5000,38.1652,10.4107
0.5100,38.1238,10.4400
0.5200,38.0822,10.4694
0.5300,38.0405,10.4988
0.5400,37.9985,10.5283
0.5500,37.9564,10.5578
0.5600,37.9142,10.5873
0.5700,37.8717,10.6169
0.5800,37.8291,10.6465
0.5900,37.7863,10.6761
0.6000,37.7433,10.7058
0.6100,37.7001,10.7355
0.6200,37.6568,10.7653
0.6300,37.6133,10.7951
0.6400,37.5696,10.8249
0.6500,37.5257,10.8548
0.6600,37.4817,10.8847
0.6700,37.4375,10.9146
0.6800,37.3931,10.9446
0.6900,37.3486,10.9746
0.7000,37.3039,11.0046
0.7100,37.2590,11.0347
0.7200,37.2139,11.0647
0.7300,37.1687,11.0949
0.7400,37.1233,11.1250
0.7500,37.0778,11.1552
0.7600,37.0320,11.1854
0.7700,36.9861,11.2157
0.7800,36.9401,11.2460
0.7900,36.8939,11.2763
0.8000,36.8475,11.3066
0.8100,36.8009,11.3370
0.8200,36.7542,11.3674
0.8300,36.7073,11.3978
0.8400,36.6602,11.4283
0.8500,36.6130,11.4588
0.8600,36.5656,11.4893
0.8700,36.5181,11.5198
0.8800,36.4704,11.5504
0.8900,36.4226,11.5810
0.9000,36.3745,11.6116
0.9100,36.3264,11.6422
0.9200,36.2780,11.6729
0.9300,36.2295,11.7036
0.9400,36.1809,11.7343
0.9500,36.1321,11.7650
0.9600,36.0831,11.7957
0.9700,36.0340,11.8265
0.9800,35.9847,11.8573
0.9900,35.9353,11.8881
1.0000,35.8857,11.9190
1.0100,35.8360,11.9499
1.0200,35.7861,11.9807
1.0300,35.7360,12.0116
1.0400,35.6858,12.0426
1.0500,35.6355,12.0735
1.0600,35.5850,12.1045
1.0700,35.5344,12.1354
1.0800,35.4836,12.1664
1.0900,35.4327,12.1975
1.1000,35.3816,12.2285
1.1100,35.3304,12.2595
1.1200,35.2790,12.2906
1.1300,35.2275,12.3217
1.1400,35.1758,12.3528
1.1500,35.1240,12.3839
1.1600,35.0721,12.4150
1.1700,35.0200,12.4461
1.1800,34.9678,12.4773
1.1900,34.9154,12.5084
1.2000,34.8629,12.5396
1.2100,34.8103,12.5708
1.2200,34.7575,12.6020
1.2300,34.7046,12.6332
1.2400,34.6515,12.6644
1.2500,34.5984,12.6956
1.2600,34.5450,12.7269
1.2700,34.4916,12.7581
1.2800,34.4380,12.7893
1.2900,34.3843,12.8206
1.3000,34.3304,12.8519
1.3100,34.2765,12.8831
1.3200,34.2224,12.9144
1.3300,34.1681,12.9457
1.3400,34.1138,12.9770
1.3500,34.0593,13.0083
1.3600,34.0047,13.0396
1.3700,33.9499,13.0709
1.3800,33.8951,13.1022
1.3900,33.8401,13.1335
1.4000,33.7850,13.1648
1.4100,33.7297,13.1961
1.4200,33.6744,13.2274
1.4300,33.6189,13.2588
1.4400,33.5633,13.2901
1.4500,33.5076,13.3214
1.4600,33.4518,13.3527
1.4700,33.3958,13.3840
1.4800,33.3398,13.4153
1.4900,33.2836,13.4466
1.5000,33.2273,13.4780
1.5100,33.1709,13.5093
1.5200,33.1144,13.5406
1.5300,33.0578,13.5719
1.5400,33.0011,13.6031
1.5500,32.9443,13.6344
1.5600,32.8873,13.6657
1.5700,32.8303,13.6970
1.5800,32.7731,13.7282
1.5900,32.7158,13.7595
1.6000,32.6585,13.7908
1.6100,32.6010,13.8220
1.6200,32.5434,13.8532
1.6300,32.4858,13.8845
1.6400,32.4280,13.9157
1.6500,32.3701,13.9469
1.6600,32.3121,13.9781
1.6700,32.2541,14.0093
1.6800,32.1959,14.0404
1.6900,32.1376,14.0716
1.7000,32.0793,14.1027
1.7100,32.0208,14.1339
1.7200,31.9623,14.1650
1.7300,31.9037,14.1961
1.7400,31.8449,14.2272
1.7500,31.7861,14.2582
1.7600,31.7272,14.2893
1.7700,31.6682,14.3203
1.7800,31.6092,14.3514
1.7900,31.5500,14.3824
1.8000,31.4908,14.4133
1.8100,31.4314,14.4443
1.8200,31.3720,14.4753
1.8300,31.3125,14.5062
1.8400,31.2530,14.5371
1.8500,31.1933,14.5680
1.8600,31.1336,14.5988
1.8700,31.0738,14.6297
1.8800,31.0139,14.6605
1.8900,30.9539,14.6913
1.9000,30.8939,14.7221
1.9100,30.8338,14.7528
1.9200,30.7736,14.7835
1.9300,30.7134,14.8142
1.9400,30.6530,14.8449
1.9500,30.5926,14.8756
1.9600,30.5322,14.9062
1.9700,30.4717,14.9368
1.9800,30.4111,14.9673
1.9900,30.3504,14.9979
2.0000,30.2897,15.0284
2.0100,30.2289,15.0588
2.0200,30.1681,15.0893
2.0300,30.1072,15.1197
2.0400,30.0462,15.1501
2.0500,29.9852,15.1804
2.0600,29.9241,15.2108
2.0700,29.8630,15.2411
2.0800,29.8018,15.2713
2.0900,29.7405,15.3015
2.1000,29.6792,15.3317
2.1100,29.6179,15.3619
2.1200,29.5565,15.3920
2.1300,29.4950,15.4221
2.1400,29.4335,15.4521
2.1500,29.3719,15.4821
2.1600,29.3103,15.5121
2.1700,29.2487,15.5421
2.1800,29.1870,15.5720
2.1900,29.1253,15.6018
2.2000,29.0635,15.6316
2.2100,29.0017,15.6614
2.2200,28.9398,15.6911
2.2300,28.8779,15.7208
2.2400,28.8160,15.7505
2.2500,28.7540,15.7801
2.2600,28.6920,15.8097
2.2700,28.6299,15.8392
2.2800,28.5679,15.8687
2.2900,28.5057,15.8981
2.3000,28.4436,15.9275
2.3100,28.3814,15.9569
2.3200,28.3192,15.9862
2.3300,28.2570,16.0155
2.3400,28.1947,16.0447
2.3500,28.1324,16.0739
2.3600,28.0701,16.1030
2.3700,28.0077,16.1321
2.3800,27.9454,16.1611
2.3900,27.8830,16.1901
2.4000,27.8206,16.2190
2.4100,27.7581,16.2479
2.4200,27.6957,16.2767
2.4300,27.6332,16.3055
2.4400,27.5707,16.3342
2.4500,27.5082,16.3629
2.4600,27.4457,16.3915
2.4700,27.3832,16.4201
2.4800,27.3206,16.4486
2.4900,27.2580,16.4770
2.5000,27.1955,16.5054
2.5100,27.1329,16.5338
2.5200,27.0703,16.5621
2.5300,27.0077,16.5903
2.5400,26.9451,16.6185
2.5500,26.8825,16.6467
2.5600,26.8198,16.6747
2.5700,26.7572,16.7028
2.5800,26.6946,16.7307
2.5900,26.6320,16.7586
2.6000,26.5693,16.7865
2.6100,26.5067,16.8143
2.6200,26.4441,16.8420
2.6300,26.3814,16.8696
2.6400,26.3188,16.8972
2.6500,26.2562,16.9248
2.6600,26.1936,16.9523
2.6700,26.1310,16.9797
2.6800,26.0684,17.0071
2.6900,26.0058,17.0343
2.7000,25.9432,17.0616
2.7100,25.8806,17.0888
2.7200,25.8180,17.1159
2.7300,25.7555,17.1429
2.7400,25.6929,17.1699
2.7500,25.6304,17.1968
2.7600,25.5679,17.2236
2.7700,25.5054,17.2504
2.7800,25.4429,17.2771
2.7900,25.3804,17.3038
2.8000,25.3180,17.3304
2.8100,25.2556,17.3569
2.8200,25.1932,17.3833
2.8300,25.1308,17.4097
2.8400,25.0684,17.4360
2.8500,25.0061,17.4622
2.8600,24.9438,17.4884
2.8700,24.8815,17.5145
2.8800,24.8192,17.5405
2.8900,24.7570,17.5665
2.9000,24.6948,17.5924
2.9100,24.6326,17.6182
2.9200,24.5704,17.6439
2.9300,24.5083,17.6696
2.9400,24.4462,17.6952
2.9500,24.3842,17.7207
2.9600,24.3222,17.7462
2.9700,24.2602,17.7716
2.9800,24.1982,17.7969
2.9900,24.1363,17.8221
3.0000,24.0744,17.8473
3.0100,24.0126,17.8723
3.0200,23.9508,17.8974
3.0300,23.8890,17.9223
3.0400,23.8273,17.9471
3.0500,23.7656,17.9719
3.0600,23.7040,17.9966
3.0700,23.6424,18.0212
3.0800,23.5809,18.0458
3.0900,23.5194,18.0703
3.1000,23.4579,18.0946
3.1100,23.3965,18.1190
3.1200,23.3351,18.1432
3.1300,23.2738,18.1673
3.1400,23.2125,18.1914
3.1500,23.1513,18.2154
3.1600,23.0902,18.2393
3.1700,23.0291,18.2632
3.1800,22.9680,18.2869
3.1900,22.9070,18.3106
3.2000,22.8460,18.3342
3.2100,22.7851,18.3577
3.2200,22.7243,18.3811
3.2300,22.6635,18.4045
3.2400,22.6028,18.4277
3.2500,22.5421,18.4509
3.2600,22.4815,18.4740
3.2700,22.4209,18.4970
3.2800,22.3604,18.5200
3.2900,22.3000,18.5428
3.3000,22.2396,18.5656
3.3100,22.1793,18.5883
3.3200,22.1191,18.6109
3.3300,22.0589,18.6334
3.3400,21.9988,18.6558
3.3500,21.9387,18.6782
3.3600,21.8788,18.7004
3.3700,21.8188,18.7226
3.3800,21.7590,18.7447
3.3900,21.6992,18.7667
3.4000,21.6395,18.7886
3.4100,21.5799,18.8104
3.4200,21.5203,18.8321
3.4300,21.4608,18.8538
3.4400,21.4014,18.8754
3.4500,21.3420,18.8968
3.4600,21.2827,18.9182
3.4700,21.2235,18.9395
3.4800,21.1644,18.9607
3.4900,21.1053,18.9819
3.5000,21.0464,19.0029
3.5100,20.9875,19.0238
3.5200,20.9286,19.0447
3.5300,20.8699,19.0655
3.5400,20.8112,19.0861
3.5500,20.7526,19.1067
3.5600,20.6941,19.1272
3.5700,20.6357,19.1476
3.5800,20.5773,19.1680
3.5900,20.5191,19.1882
3.6000,20.4609,19.2083
3.6100,20.4028,19.2284
3.6200,20.3448,19.2483
3.6300,20.2868,19.2682
3.6400,20.2290,19.2880
3.6500,20.1712,19.3077
3.6600,20.1135,19.3273
3.6700,20.0560,19.3468
3.6800,19.9984,19.3662
3.6900,19.9410,19.3855
3.7000,19.8837,19.4047
3.7100,19.8265,19.4238
3.7200,19.7693,19.4429
3.7300,19.7123,19.4618
3.7400,19.6553,19.4807
3.7500,19.5984,19.4994
3.7600,19.5416,19.5181
3.7700,19.4849,19.5367
3.7800,19.4283,19.5552
3.7900,19.3718,19.5736
3.8000,19.3154,19.5919
3.8100,19.2591,19.6101
3.8200,19.2028,19.6282
3.8300,19.1467,19.6462
3.8400,19.0907,19.6641
3.8500,19.0347,19.6820
3.8600,18.9789,19.6997
3.8700,18.9231,19.7173
3.8800,18.8675,19.7349
3.8900,18.8119,19.7523
3.9000,18.7565,19.7697
3.9100,18.7011,19.7869
3.9200,18.6459,19.8041
3.9300,18.5907,19.8212
3.9400,18.5356,19.8382
3.9500,18.4807,19.8551
3.9600,18.4258,19.8719
3.9700,18.3711,19.8885
3.9800,18.3164,19.9051
3.9900,18.2619,19.9217
4.0000,18.2074,19.9381
4.0100,18.1531,19.9544
4.0200,18.0988,19.9706
4.0300,18.0447,19.9867
4.0400,17.9907,20.0028
4.0500,17.9367,20.0187
4.0600,17.8829,20.0345
4.0700,17.8292,20.0503
4.0800,17.7756,20.0659
4.0900,17.7221,20.0815
4.1000,17.6687,20.0969
4.1100,17.6154,20.1123
4.1200,17.5622,20.1276
4.1300,17.5091,20.1428
4.1400,17.4561,20.1578
4.1500,17.4033,20.1728
4.1600,17.3505,20.1877
4.1700,17.2979,20.2025
4.1800,17.2453,20.2172
4.1900,17.1929,20.2318
4.2000,17.1406,20.2463
4.2100,17.0884,20.2607
4.2200,17.0363,20.2750
4.2300,16.9843,20.2892
4.2400,16.9324,20.3034
4.2500,16.8806,20.3174
4.2600,16.8290,20.3313
4.2700,16.7774,20.3452
4.2800,16.7260,20.3589
4.2900,16.6747,20.3725
4.3000,16.6235,20.3861
4.3100,16.5724,20.3995
4.3200,16.5214,20.4129
4.3300,16.4705,20.4262
4.3400,16.4197,20.4393
4.3500,16.3691,20.4524
4.3600,16.3186,20.4654
4.3700,16.2681,20.4783
4.3800,16.2178,20.4911
4.3900,16.1677,20.5038
4.4000,16.1176,20.5164
4.4100,16.0676,20.5289
4.4200,16.0178,20.5413
4.4300,15.9680,20.5536
4.4400,15.9184,20.5658
4.4500,15.8689,20.5779
4.4600,15.8195,20.5900
4.4700,15.7703,20.6019
4.4800,15.7211,20.6137
4.4900,15.6721,20.6255
4.5000,15.6232,20.6371
4.5100,15.5744,20.6487
4.5200,15.5257,20.6601
4.5300,15.4771,20.6715
4.5400,15.4287,20.6828
4.5500,15.3803,20.6940
4.5600,15.3321,20.7051
4.5700,15.2840,20.7161
4.5800,15.2360,20.7270
4.5900,15.1882,20.7378
4.6000,15.1404,20.7485
4.6100,15.0928,20.7591
4.6200,15.0453,20.7696
4.6300,14.9979,20.7800
4.6400,14.9506,20.7904
4.6500,14.9035,20.8006
4.6600,14.8564,20.8108
4.6700,14.8095,20.8208
4.6800,14.7627,20.8308
4.6900,14.7160,20.8407
4.7000,14.6695,20.8505
4.7100,14.6230,20.8602
4.7200,14.5767,20.8698
4.7300,14.5305,20.8793
4.7400,14.4844,20.8887
4.7500,14.4384,20.8980
4.7600,14.3926,20.9072
4.7700,14.3468,20.9164
4.7800,14.3012,20.9254
4.7900,14.2557,20.9344
4.8000,14.2104,20.9432
4.8100,14.1651,20.9520
4.8200,14.1200,20.9607
4.8300,14.0750,20.9693
4.8400,14.0301,20.9778
4.8500,13.9853,20.9862
4.8600,13.9407,20.9945
4.8700,13.8961,21.0027
4.8800,13.8517,21.0109
4.8900,13.8074,21.0189
4.9000,13.7632,21.0269
4.9100,13.7192,21.0347
4.9200,13.6752,21.0425
4.9300,13.6314,21.0502
4.9400,13.5877,21.0578
4.9500,13.5441,21.0653
4.9600,13.5007,21.0727
4.9700,13.4574,21.0801
4.9800,13.4141,21.0873
4.9900,13.3710,21.0945
5.0000,13.3281,21.1015
5.0100,13.2852,21.1085
5.0200,13.2424,21.1154
5.0300,13.1998,21.1222
5.0400,13.1573,21.1289
5.0500,13.1149,21.1356
5.0600,13.0727,21.1421
5.0700,13.0305,21.1485
5.0800,12.9885,21.1549
5.0900,12.9466,21.1612
5.1000,12.9048,21.1674
5.1100,12.8631,21.1735
5.1200,12.8216,21.1795
5.1300,12.7802,21.1854
5.1400,12.7389,21.1913
5.1500,12.6977,21.1970
5.1600,12.6566,21.2027
5.1700,12.6156,21.2083
5.1800,12.5748,21.2138
5.1900,12.5341,21.2192
5.2000,12.4935,21.2246
5.2100,12.4530,21.2298
5.2200,12.4126,21.2350
5.2300,12.3724,21.2401
5.2400,12.3323,21.2451
5.2500,12.2923,21.2500
5.2600,12.2524,21.2548
5.2700,12.2126,21.2596
5.2800,12.1729,21.2642
5.2900,12.1334,21.2688
5.3000,12.0940,21.2733
5.3100,12.0547,21.2777
5.3200,12.0155,21.2820
5.3300,11.9764,21.2863
5.3400,11.9375,21.2904
5.3500,11.8986,21.2945
5.3600,11.8599,21.2985
5.3700,11.8213,21.3025
5.3800,11.7828,21.3063
5.3900,11.7445,21.3101
5.4000,11.7062,21.3137
5.4100,11.6681,21.3173
5.4200,11.6301,21.3208
5.4300,11.5921,21.3243
5.4400,11.5544,21.3276
5.4500,11.5167,21.3309
5.4600,11.4791,21.3341
5.4700,11.4417,21.3372
5.4800,11.4044,21.3403
5.4900,11.3671,21.3432
5.5000,11.3300,21.3461
5.5100,11.2931,21.3489
5.5200,11.2562,21.3516
5.5300,11.2194,21.3543
5.5400,11.1828,21.3568
5.5500,11.1463,21.3593
5.5600,11.1099,21.3617
5.5700,11.0736,21.3640
5.5800,11.0374,21.3663
5.5900,11.0013,21.3685
5.6000,10.9654,21.3706
5.6100,10.9295,21.3726
5.6200,10.8938,21.3746
5.6300,10.8582,21.3764
5.6400,10.8226,21.3782
5.6500,10.7873,21.3799
5.6600,10.7520,21.3816
5.6700,10.7168,21.3832
5.6800,10.6817,21.3847
5.6900,10.6468,21.3861
5.7000,10.6120,21.3874
5.7100,10.5772,21.3887
5.7200,10.5426,21.3899
5.7300,10.5081,21.3910
5.7400,10.4737,21.3921
5.7500,10.4394,21.3930
5.7600,10.4053,21.3939
5.7700,10.3712,21.3948
5.7800,10.3373,21.3955
5.7900,10.3034,21.3962
5.8000,10.2697,21.3968
5.8100,10.2361,21.3974
5.8200,10.2025,21.3978
5.8300,10.1691,21.3982
5.8400,10.1358,21.3986
5.8500,10.1026,21.3988
5.8600,10.0696,21.3990
5.8700,10.0366,21.3991
5.8800,10.0037,21.3992
5.8900,9.9710,21.3991
5.9000,9.9383,21.3990
5.9100,9.9058,21.3989
5.9200,9.8733,21.3986
5.9300,9.8410,21.3983
5.9400,9.8088,21.3980
5.9500,9.7767,21.3975
5.9600,9.7447,21.3970
5.9700,9.7128,21.3964
5.9800,9.6810,21.3958
5.9900,9.6493,21.3951
6.0000,9.6177,21.3943
6.0100,9.5862,21.3934
6.0200,9.5548,21.3925
6.0300,9.5236,21.3915
6.0400,9.4924,21.3905
6.0500,9.4613,21.3893
6.0600,9.4304,21.3882
6.0700,9.3995,21.3869
6.0800,9.3687,21.3856
6.0900,9.3381,21.3842
6.1000,9.3076,21.3828
6.1100,9.2771,21.3812
6.1200,9.2468,21.3797
6.1300,9.2165,21.3780
6.1400,9.1864,21.3763
6.1500,9.1563,21.3745
6.1600,9.1264,21.3727
6.1700,9.0966,21.3708
6.1800,9.0668,21.3689
6.1900,9.0372,21.3668
6.2000,9.0077,21.3647
6.2100,8.9782,21.3626
6.2200,8.9489,21.3604
6.2300,8.9197,21.3581
6.2400,8.8906,21.3558
6.2500,8.8615,21.3534
6.2600,8.8326,21.3509
6.2700,8.8038,21.3484
6.2800,8.7750,21.3458
6.2900,8.7464,21.3431
6.3000,8.7178,21.3404
6.3100,8.6894,21.3377
6.3200,8.6611,21.3348
6.3300,8.6328,21.3320
6.3400,8.6047,21.3290
6.3500,8.5766,21.3260
6.3600,8.5486,21.3229
6.3700,8.5208,21.3198
6.3800,8.4930,21.3166
6.3900,8.4654,21.3134
6.4000,8.4378,21.3101
6.4100,8.4103,21.3067
6.4200,8.3829,21.3033
6.4300,8.3556,21.2998
6.4400,8.3284,21.2963
6.4500,8.3014,21.2927
6.4600,8.2743,21.2891
6.4700,8.2474,21.2854
6.4800,8.2206,21.2816
6.4900,8.1939,21.2778
6.5000,8.1673,21.2739
6.5100,8.1407,21.2700
6.5200,8.1143,21.2660
6.5300,8.0879,21.2620
6.5400,8.0617,21.2579
6.5500,8.0355,21.2537
6.5600,8.0094,21.2495
6.5700,7.9835,21.2453
6.5800,7.9576,21.2410
6.5900,7.9318,21.2366
6.6000,7.9060,21.2322
6.6100,7.8804,21.2277
6.6200,7.8549,21.2232
6.6300,7.8295,21.2186
6.6400,7.8041,21.2140
6.6500,7.7788,21.2093
6.6600,7.7537,21.2046
6.6700,7.7286,21.1998
6.6800,7.7036,21.1949
6.6900,7.6787,21.1900
6.7000,7.6539,21.1851
6.7100,7.6291,21.1801
6.7200,7.6045,21.1750
6.7300,7.5799,21.1699
6.7400,7.5555,21.1648
6.7500,7.5311,21.1596
6.7600,7.5068,21.1543
6.7700,7.4826,21.1491
6.7800,7.4584,21.1437
6.7900,7.4344,21.1383
6.8000,7.4104,21.1329
6.8100,7.3866,21.1274
6.8200,7.3628,21.1218
6.8300,7.3391,21.1162
6.8400,7.3155,21.1106
6.8500,7.2920,21.1049
6.8600,7.2685,21.0991
6.8700,7.2451,21.0934
6.8800,7.2219,21.0875
6.8900,7.1987,21.0816
6.9000,7.1756,21.0757
6.9100,7.1525,21.0697
6.9200,7.1296,21.0637
6.9300,7.1067,21.0576
6.9400,7.0839,21.0515
6.9500,7.0612,21.0454
6.9600,7.0386,21.0392
6.9700,7.0161,21.0329
6.9800,6.9936,21.0266
6.9900,6.9712,21.0203
7.0000,6.9490,21.0139
7.0100,6.9267,21.0074
7.0200,6.9046,21.0010
7.0300,6.8825,20.9944
7.0400,6.8606,20.9879
7.0500,6.8387,20.9813
7.0600,6.8169,20.9746
7.0700,6.7951,20.9679
7.0800,6.7735,20.9612
7.0900,6.7519,20.9544
7.1000,6.7304,20.9476
7.1100,6.7089,20.9407
7.1200,6.6876,20.9338
7.1300,6.6663,20.9268
7.1400,6.6451,20.9198
7.1500,6.6240,20.9128
7.1600,6.6030,20.9057
7.1700,6.5820,20.8986
7.1800,6.5611,20.8914
7.1900,6.5403,20.8842
7.2000,6.5195,20.8770
7.2100,6.4989,20.8697
7.2200,6.4783,20.8623
7.2300,6.4578,20.8550
7.2400,6.4373,20.8476
7.2500,6.4170,20.8401
7.2600,6.3967,20.8326
7.2700,6.3765,20.8251
7.2800,6.3563,20.8175
7.2900,6.3362,20.8099
7.3000,6.3162,20.8023
7.3100,6.2963,20.7946
7.3200,6.2765,20.7869
7.3300,6.2567,20.7791
7.3400,6.2370,20.7713
7.3500,6.2173,20.7635
7.3600,6.1978,20.7556
7.3700,6.1783,20.7477
7.3800,6.1588,20.7398
7.3900,6.1395,20.7318
7.4000,6.1202,20.7238
7.4100,6.1010,20.7157
7.4200,6.0819,20.7076
7.4300,6.0628,20.6995
7.4400,6.0438,20.6913
7.4500,6.0249,20.6831
7.4600,6.0060,20.6749
7.4700,5.9872,20.6666
7.4800,5.9685,20.6583
7.4900,5.9498,20.6499
7.5000,5.9312,20.6416
7.5100,5.9127,20.6331
7.5200,5.8943,20.6247
7.5300,5.8759,20.6162
7.5400,5.8576,20.6077
7.5500,5.8393,20.5991
7.5600,5.8211,20.5905
7.5700,5.8030,20.5819
7.5800,5.7849,20.5733
7.5900,5.7670,20.5646
7.6000,5.7490,20.5559
7.6100,5.7312,20.5471
7.6200,5.7134,20.5383
7.6300,5.6957,20.5295
7.6400,5.6780,20.5206
7.6500,5.6604,20.5118
7.6600,5.6429,20.5028
7.6700,5.6254,20.4939
7.6800,5.6080,20.4849
7.6900,5.5907,20.4759
7.7000,5.5734,20.4668
7.7100,5.5562,20.4578
7.7200,5.5391,20.4487
7.7300,5.5220,20.4395
7.7400,5.5050,20.4304
7.7500,5.4880,20.4212
7.7600,5.4711,20.4119
7.7700,5.4543,20.4027
7.7800,5.4375,20.3934
7.7900,5.4208,20.3841
7.8000,5.4042,20.3747
7.8100,5.3876,20.3653
7.8200,5.3710,20.3559
7.8300,5.3546,20.3465
7.8400,5.3382,20.3370
7.8500,5.3218,20.3275
7.8600,5.3055,20.3180
7.8700,5.2893,20.3085
7.8800,5.2732,20.2989
7.8900,5.2570,20.2893
7.9000,5.2410,20.2796
7.9100,5.2250,20.2700
7.9200,5.2091,20.2603
7.9300,5.1932,20.2505
7.9400,5.1774,20.2408
7.9500,5.1617,20.2310
7.9600,5.1460,20.2212
7.9700,5.1303,20.2114
7.9800,5.1147,20.2015
7.9900,5.0992,20.1917
8.0000,5.0838,20.1817
8.0100,5.0684,20.1718
8.0200,5.0530,20.1619
8.0300,5.0377,20.1519
8.0400,5.0225,20.1419
8.0500,5.0073,20.1318
8.0600,4.9922,20.1218
8.0700,4.9771,20.1117
8.0800,4.9621,20.1015
8.0900,4.9471,20.0914
8.1000,4.9322,20.0812
8.1100,4.9174,20.0711
8.1200,4.9026,20.0608
8.1300,4.8878,20.0506
8.1400,4.8731,20.0403
8.1500,4.8585,20.0301
8.1600,4.8439,20.0197
8.1700,4.8294,20.0094
8.1800,4.8149,19.9991
8.1900,4.8005,19.9887
8.2000,4.7862,19.9783
8.2100,4.7718,19.9678
8.2200,4.7576,19.9574
8.2300,4.7434,19.9469
8.2400,4.7292,19.9364
8.2500,4.7151,19.9259
8.2600,4.7011,19.9154
8.2700,4.6871,19.9048
8.2800,4.6731,19.8942
8.2900,4.6592,19.8836
8.3000,4.6454,19.8730
8.3100,4.6316,19.8623
8.3200,4.6179,19.8516
8.3300,4.6042,19.8409
8.3400,4.5905,19.8302
8.3500,4.5769,19.8195
8.3600,4.5634,19.8087
8.3700,4.5499,19.7980
8.3800,4.5365,19.7872
8.3900,4.5231,19.7763
8.4000,4.5097,19.7655
8.4100,4.4964,19.7546
8.4200,4.4832,19.7437
8.4300,4.4700,19.7328
8.4400,4.4569,19.7219
8.4500,4.4438,19.7110
8.4600,4.4307,19.7000
8.4700,4.4177,19.6890
8.4800,4.4047,19.6780
8.4900,4.3918,19.6670
8.5000,4.3790,19.6560
8.5100,4.3662,19.6449
8.5200,4.3534,19.6338
8.5300,4.3407,19.6227
8.5400,4.3280,19.6116
8.5500,4.3154,19.6005
8.5600,4.3028,19.5893
8.5700,4.2903,19.5782
8.5800,4.2778,19.5670
8.5900,4.2654,19.5558
8.6000,4.2530,19.5446
8.6100,4.2406,19.5333
8.6200,4.2283,19.5221
8.6300,4.2160,19.5108
8.6400,4.2038,19.4995
8.6500,4.1917,19.4882
8.6600,4.1795,19.4769
8.6700,4.1675,19.4655
8.6800,4.1554,19.4541
8.6900,4.1434,19.4428
8.7000,4.1315,19.4314
8.7100,4.1196,19.4200
8.7200,4.1077,19.4085
8.7300,4.0959,19.3971
8.7400,4.0841,19.3856
8.7500,4.0724,19.3742
8.7600,4.0607,19.3627
8.7700,4.0491,19.3512
8.7800,4.0375,19.3396
8.7900,4.0259,19.3281
8.8000,4.0144,19.3165
8.8100,4.0029,19.3050
8.8200,3.9915,19.2934
8.8300,3.9801,19.2818
8.8400,3.9688,19.2702
8.8500,3.9575,19.2585
8.8600,3.9462,19.2469
8.8700,3.9350,19.2352
8.8800,3.9238,19.2236
8.8900,3.9126,19.2119
8.9000,3.9015,19.2002
8.9100,3.8905,19.1885
8.9200,3.8795,19.1767
8.9300,3.8685,19.1650
8.9400,3.8575,19.1532
8.9500,3.8467,19.1414
8.9600,3.8358,19.1297
8.9700,3.8250,19.1179
8.9800,3.8142,19.1061
8.9900,3.8034,19.0942
9.0000,3.7927,19.0824
9.0100,3.7821,19.0705
9.0200,3.7715,19.0587
9.0300,3.7609,19.0468
9.0400,3.7503,19.0349
9.0500,3.7398,19.0230
9.0600,3.7294,19.0111
9.0700,3.7189,18.9992
9.0800,3.7085,18.9872
9.0900,3.6982,18.9753
9.1000,3.6879,18.9633
9.1100,3.6776,18.9513
9.1200,3.6673,18.9393
9.1300,3.6571,18.9273
9.1400,3.6470,18.9153
9.1500,3.6368,18.9033
9.1600,3.6267,18.8913
9.1700,3.6167,18.8792
9.1800,3.6067,18.8672
9.1900,3.5967,18.8551
9.2000,3.5867,18.8430
9.2100,3.5768,18.8309
9.2200,3.5669,18.8188
9.2300,3.5571,18.8067
9.2400,3.5473,18.7946
9.2500,3.5375,18.7825
9.2600,3.5278,18.7703
9.2700,3.5181,18.7582
9.2800,3.5084,18.7460
9.2900,3.4988,18.7338
9.3000,3.4892,18.7216
9.3100,3.4796,18.7095
9.3200,3.4701,18.6972
9.3300,3.4606,18.6850
9.3400,3.4512,18.6728
9.3500,3.4418,18.6606
9.3600,3.4324,18.6483
9.3700,3.4230,18.6361
9.3800,3.4137,18.6238
9.3900,3.4044,18.6116
9.4000,3.3952,18.5993
9.4100,3.3859,18.5870
9.4200,3.3768,18.5747
9.4300,3.3676,18.5624
9.4400,3.3585,18.5501
9.4500,3.3494,18.5377
9.4600,3.3404,18.5254
9.4700,3.3313,18.5131
9.4800,3.3224,18.5007
9.4900,3.3134,18.4884
9.5000,3.3045,18.4760
9.5100,3.2956,18.4636
9.5200,3.2867,18.4512
9.5300,3.2779,18.4388
9.5400,3.2691,18.4264
9.5500,3.2603,18.4140
9.5600,3.2516,18.4016
9.5700,3.2429,18.3892
9.5800,3.2342,18.3768
9.5900,3.2256,18.3643
9.6000,3.2170,18.3519
9.6100,3.2084,18.3394
9.6200,3.1999,18.3270
9.6300,3.1914,18.3145
9.6400,3.1829,18.3020
9.6500,3.1744,18.2896
9.6600,3.1660,18.2771
9.6700,3.1576,18.2646
9.6800,3.1493,18.2521
9.6900,3.1409,18.2396
9.7000,3.1326,18.2271
9.7100,3.1243,18.2145
9.7200,3.1161,18.2020
9.7300,3.1079,18.1895
9.7400,3.0997,18.1769
9.7500,3.0916,18.1644
9.7600,3.0834,18.1518
9.7700,3.0753,18.1393
9.7800,3.0673,18.1267
9.7900,3.0592,18.1141
9.8000,3.0512,18.1016
9.8100,3.0432,18.0890
9.8200,3.0353,18.0764
9.8300,3.0274,18.0638
9.8400,3.0195,18.0512
9.8500,3.0116,18.0386
9.8600,3.0038,18.0260
9.8700,2.9959,18.0134
9.8800,2.9882,18.0008
9.8900,2.9804,17.9881
9.9000,2.9727,17.9755
9.9100,2.9650,17.9629
9.9200,2.9573,17.9502
9.9300,2.9497,17.9376
9.9400,2.9420,17.9249
9.9500,2.9345,17.9123
9.9600,2.9269,17.8996
9.9700,2.9193,17.8870
9.9800,2.9118,17.8743
9.9900,2.9044,17.8616
10.0000,2.8969,17.8490
