iteration,error,currentInitImpulse
0,160798.90174865723,15.211416900095793 -0.53163528963292 -0.4027589031658455
1,170971.43127441406,18.689527349314545 0.2679786630037988 -0.402713126798658
2,274775.8880004883,24.297528240427827 1.4730415292147363 -0.40294963802912676
3,329489.68214416504,31.099346270212983 2.580295557535049 -0.403292960783033
4,229914.71449279785,35.53003240302549 4.727550501382705 -0.403353995939283
5,185780.2693786621,39.23890151923643 5.90311812833583 -0.40342266049006426
6,354694.8167877197,46.59818414863096 6.93510055021083 -0.40389568295100176
7,349857.5333709717,53.627548870310655 8.95322799161708 -0.40415508236506426
8,342147.48374938965,60.69110090888488 10.103717798745986 -0.404544181486158
9,169687.05393981934,64.13208672431458 10.944530481851455 -0.40471965756037676
10,198916.63302612305,68.25559054511535 11.540210718667861 -0.4046204754314705
11,233284.3390045166,73.13789105781066 12.036495203531143 -0.40467388119318926
12,194618.65997314453,77.00110282538878 13.363376612222549 -0.4048035809002205
13,330235.71952819824,83.76273683417784 14.71683883146083 -0.40734416927912676
14,336014.8405151367,90.61075847724425 16.235378260171768 -0.4080384441814705
15,222145.56398010254,95.1606233820294 17.14042281583583 -0.408145255704908
16,254823.63258361816,100.10804077704893 19.359935755288955 -0.408114738126783
17,177935.92921447754,103.63008890937314 20.616527552163955 -0.40806133236506426
18,225635.8212738037,108.12995839179501 22.06406020597255 -0.4088929363689705
19,92085.38934326172,109.9820541315411 22.5874366708163 -0.40957195248225176
20,271041.27951049805,115.5343451837872 23.687442774331924 -0.409549064298658
21,202534.48532104492,119.70941608222469 24.39536666349208 -0.4095032879314705
22,275761.58238220215,125.36103422187313 25.50572585538661 -0.40993816341975176
23,207135.29336547852,129.58531471503719 26.428546900308486 -0.4099610516033455
24,254803.88520812988,134.77765856269343 27.57993697599208 -0.409976310392408
25,184657.00791931152,138.51764797919733 28.515689844644424 -0.4101136394939705
26,141757.08322143555,141.3434680841778 29.43180465177333 -0.4101746746502205
27,274212.0486602783,147.00793412421686 30.339015955484268 -0.41056377377131426
28,101828.9846496582,149.03801600898248 30.996662134683486 -0.41131145443537676
29,158693.5583190918,152.22930700019342 31.900539392984268 -0.5289262005291268
30,137337.81219482422,155.03608413642388 32.48725509122646 -0.5291016766033455
31,270953.0234527588,160.64625940497857 33.32873916105068 -0.5297501751385018
32,347784.5581817627,167.98646091865044 33.800945276773334 -0.5299180218181893
33,208869.11080932617,172.33519209540825 34.34473800138271 -0.5322220989666268
34,223979.1187133789,176.7692122736309 35.9259376473788 -0.5322678753338143
35,319628.1728363037,183.52269045966605 36.329936975992084 -0.5323136517010018
36,225434.4848022461,188.06388074286917 37.579936975992084 -0.533664054533033
37,341456.4768218994,194.8825597345684 39.73286055997646 -0.5414002605877205
38,261885.47148132324,200.24790010322073 40.79364394620693 -0.5798142620525643
39,223831.70712280273,204.9006245050762 41.41041945890224 -0.5805237957439705
40,299899.65968322754,211.29438436835744 41.5400733895663 -0.5804627605877205
41,304454.0041656494,217.56164124091603 42.64546584562099 -0.5811646648845955
42,281171.1124420166,223.20221964667775 44.30597304776943 -0.5812180706463143
43,197887.06300354004,227.21338063300587 45.29562758878505 -0.5812791058025643
44,210635.50160217285,231.49493499091602 46.29611587003505 -0.5813248821697518
45,235788.15562438965,236.26298532050586 47.52473067716396 -0.582003898283033
46,209882.08520507812,240.39145587714648 49.121379847085834 -0.5823624798260018
47,350363.20611572266,247.6635040094707 50.13217544034755 -0.582797355314283
48,201629.6222076416,251.69872047675585 51.36598586515224 -0.5829575725994393
49,193862.25762939453,255.5976301813457 52.469654078042865 -0.5830186077556893
50,199197.1364440918,259.6009939264629 53.61520766691005 -0.582980460783033
51,187320.01628112793,263.5399960993144 53.934673304117084 -0.5830796429119393
52,340109.5088043213,270.48180588935344 55.42810439542568 -0.583224601408033
53,240530.552444458,275.45803950751747 56.192485804117084 -0.5832474895916268
54,17102.270462036133,274.6888202448221 57.943889612710834 -0.5892136761150643
55,140829.01316833496,277.45503951972444 59.03253554776943 -0.5897324749431893
56,187055.87283325195,281.2124773615213 60.11880111173427 -0.5897324749431893
57,207322.04119873047,285.51816349433375 60.706600183999896 -0.591128654142408
58,382592.4644165039,293.5505113092751 61.413677210367084 -0.591067618986158
59,229033.08786010742,298.18855675605244 62.57991408780849 -0.591220206876783
60,180735.03358459473,301.8940002741188 63.30038070157802 -0.46297771420100176
61,348098.7064971924,308.88247144111097 65.3336753793124 -0.46293193783381426
62,185074.04838562012,312.56523276923593 66.55878066495693 -0.46377117123225176
63,172960.50860595703,316.04073396552496 67.55675887540615 -0.4656556316814705
64,347285.6622772217,322.9410627374976 69.90015029386318 -0.46581584896662676
65,251934.85047912598,328.16805929511474 70.63673781827724 -0.46578533138850176
66,197065.04350280762,331.98673828681393 72.38805007413661 -0.4658997723064705
67,195722.62350463867,335.9002659113256 73.60124587491786 -0.46715862240412676
68,244716.73440551758,340.92154347480215 74.5598487801913 -0.46758586849787676
69,315178.20248413086,347.51451445868884 75.24858474210536 -0.468325919767408
70,200269.82794189453,351.68046060126693 75.78832625821865 -0.46831829037287676
71,206510.07147216797,355.98047046454815 76.32713698819911 -0.46825725521662676
72,157437.93449401855,359.2032174494114 76.97628402189052 -0.468539542814283
73,290760.82652282715,365.18309028876683 78.05927657560146 -0.4684937664470955
74,247837.89485168457,370.24792406562227 79.11994552091396 -0.4691956707439705
75,137797.14527893066,372.88528286689177 80.48718642667568 -0.46934062924006426
76,233635.09448242188,377.6452307794894 81.55104445890224 -0.4764283367595955
77,232949.8597869873,382.42017808173546 82.48786544278896 -0.47646648373225176
78,190203.380569458,386.2186773248995 83.68652724698818 -0.476535148283033
79,174642.0719909668,389.8359174127901 84.22549056485927 -0.4766724773845955
80,259310.4373474121,395.1456242365205 85.28990554288661 -0.478793449064283
81,232913.95542907715,399.9274837702119 86.19164657071865 -0.47878581966975176
82,171778.40328979492,403.398735393747 87.09836196378505 -0.4788392254314705
83,286668.9685974121,409.33464003241886 87.99000167325771 -0.4789918133220955
84,241416.0692138672,414.3237215509735 88.78183364347255 -0.48205120052912676
85,324261.6289215088,420.8596780695282 90.56782149747646 -0.48247844662287676
86,303213.12715148926,427.09769147284845 91.68493270353115 -0.4825318523845955
87,313840.96279907227,433.5127983820281 93.02647017911708 -1.0918305584392831
88,260199.69689941406,438.88088533271167 93.92264937833583 -1.0918687054119394
89,294289.05139160156,444.88447795966476 95.22948836759365 -1.0929215618572519
90,166014.06132507324,448.31753683417645 95.7654151864413 -1.0945084759197519
91,263162.879196167,453.6430670221647 97.12118911222255 -1.0945237347088144
92,248892.36752319336,458.6986616022428 98.32299422696865 -1.0945771404705331
93,137651.57278442383,461.3099965387662 99.79024886564052 -1.0952180096111581
94,121805.26306152344,463.7765026789029 100.40890120939052 -1.0952332684002206
95,236615.39503479004,468.40462228339504 102.32536696866786 -1.0953400799236581
96,157461.27867126465,471.61502490790673 103.03364943937099 -1.0953629681072519
97,202958.7346343994,475.84984922431295 103.52389144376552 -1.0953095623455331
98,311594.6079406738,482.1832682062465 105.00936507657802 -1.1028931805095956
99,227382.3215789795,486.801210198434 106.11010360196865 -1.1028626629314706
100,259029.0390777588,492.17381375068004 106.87650680021083 -1.1043809124431894
101,230030.9550933838,496.9369431207972 107.59422683194911 -1.1078599163494394
102,201613.7716217041,500.9407341120081 108.96366500333583 -1.1078904339275644
103,174145.7833557129,504.52808223212526 109.58684157804286 -1.1079133221111581
104,191290.70220947266,508.3665747614221 110.71506118253505 -1.1069901653728769
105,159660.38258361816,511.62311233466426 111.42713546232021 -1.1072800823650644
106,93310.50674438477,513.4865758722619 112.01551436857021 -1.1073182293377206
107,306596.31927490234,519.8150662653284 113.05797957853115 -1.1034272381267831
108,281320.2078399658,525.5743504206018 114.21992873624599 -1.1036561199627206
109,195143.04751586914,529.5746166315394 115.00482558683193 -1.1168854900799081
110,282175.2291870117,535.2970508112269 116.40806960538661 -1.1172593304119394
111,221530.36889648438,539.9384074152308 116.85912703946865 -1.1171830364666269
112,235016.86303710938,544.7357927667933 117.89220046476161 -1.1171982952556894
113,404801.5444946289,553.1695993219691 118.9279136605624 -1.1172593304119394
114,279044.0344238281,558.9373673639614 119.84062575773036 -1.1172593304119394
115,274100.21478271484,564.6213646540004 120.65800094083583 -1.1175187298260019
116,249910.79948425293,569.6811935480434 121.93806838468349 -1.1182587810955331
117,222271.69917297363,574.2239173395474 122.88901900724208 -1.1186021038494394
118,146897.37924194336,577.2128920465786 123.5786476083163 -1.1225312420330331
119,233756.9170074463,581.8558126764615 125.1644630380038 -1.1238053509197519
120,165569.06341552734,585.1362836603482 126.32168197110927 -1.1241105267010019
121,317983.5414733887,591.7107075861295 127.35598372892177 -1.1242860027752206
122,112669.72296142578,593.8384380915006 128.60080337003507 -1.1242173382244394
123,303099.63412475586,600.017613604196 129.96622085050382 -1.1347153850994394
124,188188.62950134277,603.8033488703093 131.03351973966397 -1.1348832317791269
125,199456.09843444824,607.9396853327116 131.62855147794522 -1.1353486248455331
126,163238.34790039062,611.256327276071 132.41340255216397 -1.1353333660564706
127,213577.8133239746,615.5397432062468 133.68607711271085 -1.1353715130291269
128,216359.4256591797,619.8686837335906 135.01683425382413 -1.1354783245525644
129,323434.66633605957,626.5916824884735 135.9120902963046 -1.1356995769939706
130,224793.83200073242,631.0927726740204 137.28116225675382 -1.1358521648845956
131,269697.6884613037,636.639700261911 138.2849922128085 -1.1368134685955331
132,233817.8920288086,641.5009970514618 138.93026351407804 -1.1368973919353769
133,233404.32186889648,646.2258802667939 140.12633132413663 -1.1374085613689706
134,149296.56217956543,649.2373769464814 140.94040297941007 -1.1374467083416269
135,159945.4656829834,652.520243560251 141.56425857023038 -1.1375306316814706
136,203529.1480102539,656.6941547907197 142.37594222501554 -1.1385300823650644
137,192401.8606414795,660.4466640436494 143.9822578378085 -1.1385224529705331
138,307725.0266265869,666.5221484552706 146.23070907071866 -1.1389573284588144
139,271884.15296936035,672.0399699030245 147.56717299894132 -1.1399872967205331
140,292425.5361480713,677.856024383005 149.5178794808749 -1.1402772137127206
141,250534.0210571289,682.8794000299777 151.0124549813632 -1.1403458782635019
142,188529.6581878662,686.6896180231417 152.00992965177335 -1.1404145428142831
143,116532.7897644043,688.9921761041965 152.8506889291171 -1.1423295208416269
144,167151.23458862305,692.4335281305637 153.4598426766757 -1.1424210735760019
145,138752.46461486816,695.14540322822 154.59354018644132 -1.1430085369549081
146,221844.9850616455,699.7052855280247 155.43183516935147 -1.1452897259197519
147,199159.7320098877,703.7821890070286 156.25926589444913 -1.1567033001385019
148,268247.47929382324,709.3202512384739 157.16789626554288 -1.1573823162517831
149,261400.10214233398,714.8116597223607 157.64224624112882 -1.1573746868572519
150,220567.44677734375,719.3014355158177 158.66579055265225 -1.1612504192791269
151,243948.6767578125,724.270520391306 159.78602981046475 -1.1614335247478769
152,168728.56401062012,727.6981623957006 160.59892653898038 -1.1614945599041269
153,133804.4432067871,730.2878908869116 161.80336379483975 -1.1615327068767831
154,269798.6390533447,735.8527017755835 162.74002456144132 -1.1614335247478769
155,289774.9133300781,741.8657624811499 163.58980941251554 -1.1615098186931894
156,346797.60565185547,749.0209893244116 164.78512954191007 -1.1614564129314706
157,244659.30880737305,753.9918060724585 165.96258925870694 -1.1615250774822519
158,267521.91667175293,759.451789080271 167.14298629239835 -1.1614793011150644
159,235142.26998901367,764.2820876398414 168.04798507169522 -1.1618607708416269
160,116705.1082611084,766.6295141901344 168.71117019132413 -1.1618149944744394
161,268786.81021118164,772.0263181818336 170.28515243009366 -1.1699708172283456
162,197435.3419494629,775.9932897150368 171.42792891935147 -1.1699174114666269
163,173925.15950012207,779.5308026300759 172.24962233976163 -1.1700928875408456
164,258011.32649230957,784.8784351740212 173.03557204679288 -1.2101014324627206
165,209224.0464477539,789.1714031061501 173.8582115121249 -1.2106278606853769
166,137705.92108154297,791.9583361872048 174.56997298673429 -1.2114060589275644
167,216142.542678833,796.4656977350564 175.10697555021085 -1.2113450237713144
168,218979.10543823242,800.9623552423807 175.95438765958585 -1.2114136883220956
169,172963.49995422363,804.4003732233377 177.11904525235929 -1.2114213177166269
170,289761.6161804199,810.2372101740214 178.73373031095304 -1.2116883465252206
171,296809.61669921875,816.4208946588847 179.49876784757413 -1.2309449383220956
172,270002.4931640625,821.8095123102519 181.21947860196866 -1.2310746380291269
173,246911.10816955566,826.9459708429667 181.88946914151944 -1.2310822674236581
174,196382.94734191895,830.9481215143535 182.78132247403897 -1.2311051556072519
175,202374.9471130371,835.1513067316387 183.3589439339999 -1.2313187786541269
176,137946.12762451172,837.9051816461895 184.23670577482022 -1.2443116375408456
177,248217.56813049316,842.9326924249981 185.50040053800382 -1.2443650433025644
178,311654.2518310547,849.4113750788067 186.3643836923007 -1.2445176311931894
179,207999.54539489746,853.5873309870099 187.58377456144132 -1.2450288006267831
180,183217.73805236816,857.3250315851544 188.40111159757413 -1.2452347942791269
181,184051.12475585938,861.0977053278302 189.14234542325772 -1.2451508709392831
182,236859.81489562988,866.0186334650373 189.81137465909757 -1.2451203533611581
183,218521.28923034668,870.6559846369123 190.00706862882413 -1.2451661297283456
184,281752.3598937988,876.49601067451 190.86198043302335 -1.2452119060955331
185,205294.67416381836,880.6520691217756 191.91754531339444 -1.2515366741619394
186,28446.932846069336,879.8310310114241 192.83759688810147 -1.2516816326580331
187,266130.401763916,885.2896025812483 193.89718245939054 -1.2516587444744394
188,177622.00212097168,888.9295324884749 194.61679458097257 -1.2516282268963144
189,210443.89042663574,893.1479993830062 195.87995528653897 -1.2521699139080331
190,184595.91348266602,896.8627889093734 196.92414473966397 -1.2525361248455331
191,228824.2087249756,901.4591244562484 198.25806807950772 -1.2525590130291269
192,278524.60551452637,907.1579914362289 199.42665481046475 -1.2615769573650644
193,263941.96084594727,912.4044353205063 201.2055473275546 -1.2616227337322519
194,238496.86659240723,917.2768633966782 202.23905562833585 -1.2634919353924081
195,228811.22184753418,921.9838556818345 203.0878715463046 -1.2688477703533456
196,211149.73721313477,926.2132326105454 204.3703651376132 -1.2693436809978769
197,176737.73300170898,929.8182961847642 205.1607017464999 -1.2697022625408456
198,112035.58811950684,932.026257403026 205.999225611246 -1.2695878216228769
199,174333.0557861328,935.5740471124986 206.81367110685147 -1.2696335979900644
200,187426.05517578125,939.3518401789049 207.8491020150546 -1.2698548504314706
201,204761.15156555176,943.4874213312487 208.9440727181796 -1.2699158855877206
202,304718.83906555176,949.6996473810534 210.32152175382413 -1.2687104412517831
203,210820.98107910156,954.0077444025378 211.22997664884366 -1.2741883465252206
204,213004.6335144043,958.3335492487292 212.26565932706632 -1.2742264934978769
205,212575.6032562256,962.5696171564441 213.651325220621 -1.2744401165447519
206,325651.9784851074,969.172025701366 215.28168105558194 -1.2745850750408456
207,339873.11323547363,976.2563449518543 216.14447402433194 -1.2802842327556894
208,202832.28018188477,980.2923625055653 217.492633814371 -1.2803834148845956
209,182767.63345336914,983.9716524591786 218.52286910489835 -1.2804444500408456
210,189357.2377166748,987.8139215387685 219.457477564371 -1.2805283733806894
211,297001.94396972656,993.885102971874 220.72997664884366 -1.2805741497478769
212,303446.2435913086,1000.1407784235341 221.80068587735929 -1.2832749554119394
213,233803.90939331055,1004.8766098200185 222.99120711759366 -1.2833283611736581
214,176979.5408630371,1008.4523383722646 223.93220138028897 -1.2834046551189706
215,232823.9736480713,1013.2165587457998 224.9083824105624 -1.2833359905681894
216,167440.33702087402,1016.6034903009756 225.78202437833585 -1.2839539715252206
217,194387.27603149414,1020.4637266046866 227.10898208097257 -1.2841752239666269
218,236274.34371948242,1025.2827718073233 228.1676063485507 -1.2842438885174081
219,144807.03944396973,1028.1792019586906 229.06598281339444 -1.2844651409588144
220,283892.832611084,1034.0347461847648 230.0544471688632 -1.2845032879314706
221,206194.71937561035,1038.038338811718 231.85775374845304 -1.2846711346111581
222,306063.48597717285,1044.3515551569328 232.92264937833585 -1.2847397991619394
223,195504.18342590332,1048.2852320124016 234.03419112638272 -1.2847550579510019
224,275169.72549438477,1053.915823540722 235.18899154142179 -1.2847932049236581
225,259283.1764678955,1059.1684624933587 236.5065269418124 -1.2847321697674081
226,199065.69554138184,1063.226170415722 237.4100151009921 -1.2849000164470956
227,209158.17626953125,1067.50841141914 238.27721023038663 -1.2848466106853769
228,262896.01739501953,1072.9000350519525 239.32839583829679 -1.2844575115642831
229,308240.7389984131,1079.343302056347 240.0318641610507 -1.2986710735760019
230,129529.70011901855,1081.8808760065424 241.06497573331632 -1.2990754314861581
231,209703.28576660156,1086.1084600275385 242.22319411710538 -1.3283723064861581
232,11981.133117675781,1085.6413647882807 243.13764571622647 -1.3290055462322519
233,314875.46405029297,1092.1712711969722 244.08156966642179 -1.3289597698650644
234,394923.22721862793,1100.4613475885737 244.83033370450772 -1.3291962810955331
235,170885.57968139648,1103.9198276056636 245.71430587247647 -1.3291657635174081
236,356751.0718536377,1111.3707850397457 246.5547676034335 -1.3297379681072519
237,388843.943069458,1119.4532503473629 247.64199447110929 -1.3404191204510019
238,233543.92971801758,1124.203150347363 248.74953078702725 -1.3404954143963144
239,253944.4298400879,1129.4000947199215 249.8132362313632 -1.3412812420330331
240,148153.71545410156,1132.431954253613 250.43360518888272 -1.3414338299236581
241,284914.9267425537,1138.302833562695 251.45165633634366 -1.3416016766033456
242,203580.16177368164,1142.4958030207029 252.18997573331632 -1.3434022137127206
243,310415.65257263184,1148.7820036798826 253.77872847989835 -1.3520005413494394
244,155054.17083740234,1151.9113668756834 254.61966323331632 -1.3570664593181894
245,150534.55317687988,1154.844540191113 255.89128493741788 -1.3570130535564706
246,172237.99137878418,1158.353473394238 256.6809577889804 -1.3570893475017831
247,247811.86785888672,1163.3380840875975 258.0976066537265 -1.3571580120525644
248,305586.7666320801,1169.6966266657225 258.9244193978671 -1.6532853313885019
249,429982.5184326172,1178.7769175958983 259.5045738168124 -1.6532471844158456
250,269349.09799194336,1184.2725298761718 260.70604323819913 -1.6532700725994394
251,255199.46293640137,1189.4481882379882 261.9794425912265 -1.6574662395916269
252,398677.6082611084,1197.757841655957 262.995807642496 -1.6576340862713144
253,269108.39640808105,1203.3753716608398 263.645092005289 -1.6578858562908456
254,311039.8869628906,1209.8825882501953 264.3315772958163 -1.6585725017986581
255,304887.67085266113,1216.247402190625 265.0664863534335 -1.6598542400799081
256,155380.3190765381,1219.2437621515626 266.5157508798007 -1.6598771282635019
257,174771.09956359863,1222.64840916084 267.9950523324374 -1.7713425823650644
258,200959.22821044922,1226.7285475031251 268.97997664884366 -1.7716019817791269
259,224222.04110717773,1231.1989141168947 270.4336051888827 -1.7731278606853769
260,232804.1884765625,1236.0131833185549 271.19240188077725 -1.7691834637127206
261,269889.1996002197,1241.6743076837893 271.7263526864413 -1.7691834637127206
262,163239.0023803711,1244.7804927790041 273.4293479867343 -1.7693589397869394
263,256186.64743041992,1250.0540362726565 274.369457239664 -1.7694657513103769
264,278132.64346313477,1255.6359827814456 276.01412581876554 -1.7695267864666269
265,237675.36056518555,1260.5340761408206 276.8619651742343 -1.7701752850017831
266,176829.54859924316,1264.1819635065433 277.4798622079257 -1.7702363201580331
267,218319.21549987793,1268.5056931574222 279.02048110441007 -1.7703965374431894
268,208487.9118499756,1272.6874474054691 280.2651939339999 -1.7705414959392831
269,177822.91984558105,1276.4152526789067 280.6257362313632 -1.7704957195720956
270,323290.581451416,1282.970259795606 282.24835586026944 -1.7708390423260019
271,160923.6494140625,1286.103002813184 283.62059401944913 -1.7709153362713144
272,243095.19100952148,1291.024289531934 284.87389754728116 -1.7715485760174081
273,364412.62731933594,1298.6117673517583 285.8371391244296 -1.7715562054119394
274,233183.0695953369,1303.390903191602 286.7861595101718 -1.7715867229900644
275,216610.97036743164,1307.8247860407232 287.69012832120694 -1.7877534100017831
276,261349.8077697754,1313.2169055841803 288.5977592416171 -1.7877000042400644
277,231958.03910827637,1317.780190593946 290.37099074796475 -1.7904389568767831
278,312558.8705749512,1324.1713412042975 291.70526503995694 -1.7905610271892831
279,221899.61407470703,1328.6599649591803 292.8648033089999 -1.7915986248455331
280,347902.9456176758,1335.8537431330085 294.0042762704257 -1.7916596600017831
281,187533.7094116211,1339.6785943048835 294.8466834969882 -1.7918503948650644
282,207723.94938659668,1343.9581497614265 295.59611129239835 -1.7919953533611581
283,153699.8827972412,1346.9619178644539 296.8572273202304 -1.7922547527752206
284,138509.2992401123,1349.7269622125984 297.7398033089999 -1.7928727337322519
285,244694.9312286377,1354.7849295343758 298.54823684171475 -1.7929185100994394
286,293331.42556762695,1360.8755888117196 299.399486536539 -1.7929948040447519
287,265607.0498352051,1366.4095235407235 300.086627954996 -1.7930558392010019
288,106255.98857116699,1368.41175813545 301.2810859628085 -1.7930100628338144
289,226122.9341583252,1372.9787891779306 302.4948005624179 -1.7930405804119394
290,181359.19718933105,1376.6121730646494 303.5937766976718 -1.7932999798260019
291,184398.06086730957,1380.357113958204 304.4948081918124 -1.7939637371502206
292,219894.2148590088,1384.6844370539072 306.17013930753507 -1.7948563763103769
293,190250.85357666016,1388.5841707331065 306.94164657071866 -1.7948868938885019
294,185942.19046020508,1392.4487023859385 307.4637031503085 -1.7950547405681894
295,251542.749710083,1397.4682938532237 309.07884597257413 -1.7950776287517831
296,227339.00700378418,1402.0667122248058 310.2682914681796 -1.7951386639080331
297,225588.7424468994,1406.644165020216 311.3855552621249 -1.7953828045330331
298,276487.6547088623,1412.4338141657238 311.9750785775546 -1.7961838909588144
299,351660.6318359375,1419.6763823175793 313.252887720621 -1.7963212200603769
300,236417.15092468262,1424.4637121271496 314.46933364347257 -1.7965882488689706
301,169921.5124359131,1427.8829389093762 315.4354515023593 -1.7984650799236581
302,248512.97035217285,1432.5676991388684 318.2230949349765 -1.7988923260174081
303,165636.2911529541,1435.952112993849 318.9423103280429 -1.7989152142010019
304,249417.94743347168,1440.9845371027357 320.3036155648593 -1.7989686199627206
305,334274.61531066895,1447.8170405573255 321.7448768563632 -1.7991212078533456
306,277157.29972839355,1453.5918581598646 322.46191024259366 -1.7990830608806894
307,224210.8666229248,1457.9354242365248 324.46913527921475 -1.8003190227947519
308,200243.1333618164,1461.9018311945326 325.8814506478671 -1.8026230999431894
309,268950.5262145996,1467.3971001520522 327.04992293790616 -1.8011124798260019
310,240826.7993927002,1472.1115005792983 328.9945335336093 -1.8010895916424081
311,175075.31636047363,1475.5969962824233 330.15289687589444 -1.8017304607830331
312,231587.84887695312,1480.3418303644546 331.1029090829257 -1.8020356365642831
313,126111.44189453125,1482.8940374933609 331.75746535733975 -1.8026612469158456
314,227077.71286010742,1487.491883660353 332.9260292001132 -1.8049348064861581
315,152292.43045043945,1490.5517583307633 333.81322097257413 -1.8052399822674081
316,176298.13206481934,1494.170722661818 334.505443567789 -1.8053849407635019
317,146934.81939697266,1497.1497486383805 335.24692153409757 -1.8059037395916269
318,144468.51803588867,1500.0173473078141 336.2405281014804 -1.8061478802166269
319,252785.60627746582,1505.1410037165056 337.519489283121 -1.8078492351970956
320,285551.1297149658,1510.9706919245134 338.78049087003507 -1.8079331585369394
321,230790.28398132324,1515.5890459040056 340.2057914681796 -1.8081467815838144
322,91492.79151916504,1517.3153024103533 341.2258415170077 -1.8085053631267831
323,316076.26460266113,1523.6888672663104 342.96654891446866 -1.8091996380291269
324,271860.5073699951,1529.3460853815448 343.70409774259366 -1.8099396892986581
325,211476.73530578613,1533.7508926081073 344.25670241788663 -1.8103364178142831
326,305169.1773071289,1539.78989325508 346.4384269662265 -1.6546281048260019
327,281362.7337799072,1545.5200712702167 347.74261855558194 -1.6556351849041269
328,268283.06230163574,1550.8032964655292 349.7729759164218 -1.6574891277752206
329,149746.71340942383,1553.806408440627 350.66806411222257 -1.6574662395916269
330,117468.29756164551,1556.1410710138691 351.4641456551913 -1.6576264568767831
331,191512.5308380127,1560.0913418024434 352.1347007699374 -1.6581986614666269
332,285953.43632507324,1565.9082965509785 353.4893379159335 -1.6582139202556894
333,143395.62385559082,1568.7724391046895 354.39928817228116 -1.6581605144939706
334,304589.9685974121,1575.0167467584981 355.6340904183749 -1.6581834026775644
335,149372.16249084473,1578.0282281793966 356.46083449796475 -1.6587098309002206
336,190955.86346435547,1581.9000840509786 357.4198341317538 -1.6598008343181894
337,124971.87763977051,1584.3695809137716 358.3277702279452 -1.6599229046306894
338,263812.1875,1589.7266891657248 359.6211204476718 -1.6599534222088144
339,315124.95668029785,1596.2528113947287 360.61227797941007 -1.7289765545330331
340,231406.49308776855,1601.040469268264 361.3607673592929 -1.7290147015056894
341,15855.500076293945,1600.4600317438499 362.406208033121 -1.7462342449627206
342,161224.9764251709,1603.6670850641624 363.4852561898593 -1.7462952801189706
343,407830.9132385254,1612.143784075393 364.6351356454257 -1.7462495037517831
344,142461.27235412598,1614.9675671320335 365.6332359261874 -1.7464326092205331
345,293122.23432922363,1621.0314090876 366.582965845621 -1.7466767498455331
346,203582.0457458496,1625.2398280695336 367.2564277596835 -1.7468445965252206
347,227168.93759155273,1629.7987261774438 368.6047706551913 -1.7481721111736581
348,232679.93293762207,1634.4682962824243 369.98612594083585 -1.7483628460369394
349,118346.44209289551,1636.8056444025415 370.852985376871 -1.7486527630291269
350,195468.79418945312,1640.8267388605493 371.5837440438632 -1.7494080730877206
351,299239.21502685547,1647.0157791803736 372.5611915536288 -1.7495454021892831
352,216824.31498718262,1651.4798133966822 373.3565254159335 -1.7504456707439706
353,280059.06228637695,1657.1874999567408 374.6400871224765 -1.7507508465252206
354,140424.42446899414,1659.9850150080104 375.56224441007413 -1.7513230511150644
355,340042.0619812012,1667.005560149612 376.7253761239413 -1.7516053387127206
356,155406.13735961914,1670.1571401422877 377.506061548746 -1.7521470257244394
357,179824.07484436035,1673.848866008987 378.2125816293124 -1.7522156902752206
358,290935.871673584,1679.8159596125026 379.3820152230624 -1.7522919842205331
359,430692.88945007324,1688.7200878229519 380.8034172006015 -1.7522462078533456
360,242234.83837890625,1693.5992145075222 382.163890833414 -1.7522767254314706
361,224458.6522064209,1698.1396037042996 383.3399238534335 -1.7523987957439706
362,195195.51385498047,1702.1532289850613 384.079547876871 -1.7524445721111581
363,243019.91633605957,1706.9815744196317 385.735309595621 -1.7526124187908456
364,295256.24070739746,1713.1315064630887 386.51076125577725 -1.7528336712322519
365,178184.73406982422,1716.8266884455106 387.0493965096835 -1.7528031536541269
366,222950.22831726074,1721.2306869562528 388.6797904916171 -1.7528794475994394
367,195759.7264251709,1725.1336326105497 389.95267867521085 -1.7529175945720956
368,274496.29580688477,1730.6683531671904 391.46991347745694 -1.7530549236736581
369,260613.07429504395,1735.9144766168974 392.94684218839444 -1.7538865276775644
370,447720.8801422119,1745.1235440973662 394.63109969571866 -1.7539857098064706
371,268198.3064880371,1750.7014241388702 395.37364577726163 -1.7540620037517831
372,133427.82577514648,1753.3825527765655 396.15140914396085 -1.7638581463299081
373,170533.57188415527,1756.7015827204132 397.61120223478116 -1.7878220745525644
374,364222.9616394043,1764.1841945124054 399.0219993539218 -1.7880662151775644
375,306877.18603515625,1770.5919390558624 399.76271438077725 -1.7880967327556894
376,222996.6564025879,1775.1488992975617 400.7319450326327 -1.7885697552166269
377,183675.2194519043,1778.8140977594758 401.91229628995694 -1.7934296795330331
378,228791.17922973633,1783.4861092707063 402.92130660489835 -1.7935364910564706
379,104135.25173950195,1785.571168572464 403.5609474130038 -1.7941621014080331
380,232826.34494018555,1790.2528617853548 404.90307235196866 -1.7943986126385019
381,221322.1416015625,1794.8394698542024 405.5869483895663 -1.7950318523845956
382,146551.18867492676,1797.6997519342806 406.8094749398593 -1.7993653484783456
383,127060.81079101562,1800.2306425348665 407.6452674813632 -1.7994263836345956
384,296971.0002441406,1806.308644646683 408.8972969003085 -1.7994874187908456
385,203528.8221130371,1810.51277590889 409.5857963509921 -1.7994416424236581
386,241397.59700012207,1815.404994634476 410.81183242276944 -1.7994874187908456
387,182396.6965637207,1819.1340892755893 411.5968589730624 -1.7997773357830331
388,218732.7765045166,1823.5833682428745 412.6360893197421 -1.7999528118572519
389,203466.94966125488,1827.7453318415073 413.50453566983975 -1.8003190227947519
390,214202.75300598145,1831.9862444147495 415.02621840909757 -1.8004182049236581
391,250700.59077453613,1836.993071904984 416.62255477384366 -1.8003647991619394
392,138559.37147521973,1839.661070354691 417.93651198819913 -1.6326630779705331
393,283483.15740966797,1845.0857674127965 420.7698783822421 -1.6326630779705331
394,283401.2219696045,1850.9542358332067 421.66652297452725 -1.6330674358806894
395,179448.1668395996,1854.5310630182653 422.83920669034757 -1.6334870525799081
396,270728.5794830322,1860.1013823297887 423.8516960091952 -1.6340287395916269
397,217985.73738098145,1864.4835073664099 425.11346816495694 -1.6364319988689706
398,205029.01432800293,1868.7071927668005 425.8585548348788 -1.6365006634197519
399,236662.89863586426,1873.5919880915076 426.67692183927335 -1.6366151043377206
400,244993.50218200684,1878.5754314875037 427.8428764291171 -1.6365769573650644
401,190835.36267089844,1882.539000310746 428.3942909188632 -1.6384080120525644
402,257649.58935546875,1887.6397227594764 430.2293815560702 -1.6391175457439706
403,232829.0181427002,1892.449963640824 431.015094751871 -1.6394456097088144
404,330674.44020080566,1899.3517801447304 431.8248634286288 -1.6395142742595956
405,264424.10708618164,1904.6189454645546 433.56844710782804 -1.6395981975994394
406,278069.8193511963,1910.148088933793 435.4447593636874 -1.6439622112713144
407,254087.30987548828,1915.4125610773476 436.2371940560702 -1.6453736492595956
408,299323.5724182129,1921.6276862970742 437.1106300301913 -1.6455491253338144
409,248416.08042907715,1926.6819762506875 438.2884788461093 -1.6467011639080331
410,257001.88246154785,1931.960677215043 439.2893867440585 -1.6469147869549081
411,154256.57012939453,1934.9830915583047 440.52628707364835 -1.6472504803142831
412,118887.49435424805,1937.278821331254 441.6244468636874 -1.6483643719158456
413,282609.1611480713,1943.0731167780314 442.77096175626554 -1.6486008831463144
414,381964.4694213867,1951.0147587213908 443.84186171964444 -1.6488373943767831
415,232392.77519226074,1955.771036895219 444.8216133065585 -1.6507752605877206
416,338256.99098205566,1962.7732333429728 445.9025382943515 -1.6513627239666269
417,152554.28909301758,1965.8049631769572 446.93773269132413 -1.6516602703533456
418,259477.32777404785,1971.2297899347698 447.5360450692538 -1.6525834270916269
419,195841.2354888916,1975.108413079301 448.92687606290616 -1.6527207561931894
420,76947.71578979492,1976.5437531427776 449.8575019784335 -1.6527970501385019
421,202730.38650512695,1980.5051781061566 451.52658462003507 -1.6528351971111581
422,301644.0517272949,1986.5654342462933 453.2928733773593 -1.6530640789470956
423,308519.73344421387,1993.049632952348 453.85485457853116 -1.6532777019939706
424,164850.74713134766,1996.35361773018 454.85465621427335 -1.6533234783611581
425,300888.91983032227,2002.5984670710004 455.7462654061679 -1.6534989544353769
426,237782.68759155273,2007.3481000421918 457.2586250253085 -1.6535752483806894
427,184886.75466918945,2011.053253643266 458.3793754525546 -1.6535294720135019
428,132271.48461914062,2013.723273882524 459.10065078214444 -1.6534760662517831
429,143541.98400878906,2016.634062554399 459.82238387540616 -1.6535599895916269
430,216817.93362426758,2021.1050013727584 460.5919685311679 -1.6535981365642831
431,190122.8490447998,2025.058766424028 461.12253188566007 -1.6535828777752206
432,224786.94555664062,2029.6516534845748 462.104320520914 -1.6535676189861581
433,127624.43650817871,2032.2222016779342 462.82289504483975 -1.6535981365642831
434,22627.997528076172,2031.4946617975631 463.8766441293124 -1.6538880535564706
435,151524.57290649414,2034.5821701349655 464.57641219571866 -1.6538804241619394
436,279568.3480834961,2040.1854942072312 466.27010726407804 -1.6551011272869394
437,158659.92042541504,2043.303771892778 467.50055312589444 -1.6550706097088144
438,206455.37651062012,2047.6821966730515 467.70573043302335 -1.6552766033611581
439,208214.94868469238,2052.015066338579 468.274730677164 -1.6555207439861581
440,245184.75064086914,2056.909756987993 469.84530257657804 -1.6564820476970956
441,242950.06846618652,2061.6264538629935 471.98268508390225 -1.6566880413494394
442,216133.9157409668,2065.893664959185 473.5737800546054 -1.6540635296306894
443,115439.07229614258,2068.1210353571346 474.64950942472257 -1.6541398235760019
444,216077.77877807617,2072.598344719928 475.3229331918124 -1.6547806927166269
445,143531.70375061035,2075.3896952204163 476.5636482186679 -1.6546815105877206
446,244949.3817138672,2080.280685613483 478.1304969735507 -1.6551850506267831
447,166608.20544433594,2083.7035821344793 478.7768363900546 -1.6553452679119394
448,103364.13459777832,2085.7471985651437 479.5257835336093 -1.6555131145916269
449,270499.5717315674,2091.2765785456127 480.6975212045077 -1.6556504436931894
450,137347.49839782715,2094.017689483113 481.5801277108554 -1.6557038494549081
451,228156.297164917,2098.5571326349686 483.1070136971835 -1.3528931805095956
452,211543.94436645508,2102.9007063410236 483.93883895353116 -1.3529084392986581
453,231703.77964782715,2107.689500994344 484.71590804532804 -1.3528397747478769
454,255317.29370117188,2113.0221494074303 485.3280754037265 -1.3555787273845956
455,201573.90115356445,2117.156418303915 486.1405601449374 -1.3579819866619394
456,108201.81579589844,2119.2133251398527 487.28270339444913 -1.3580277630291269
457,215833.77320861816,2123.612639202353 488.27289199308194 -1.3581193157635019
458,272300.453414917,2129.2145823542087 489.2969551034335 -1.3583863445720956
459,235511.06951904297,2133.9612322321386 490.6101570077304 -1.3586686321697519
460,104646.68588256836,2136.0635339655373 491.2249336190585 -1.3589127727947519
461,177959.05377197266,2139.785434087608 491.6294975228671 -1.3650468059978769
462,141819.1278076172,2142.663362957237 492.3365287728671 -1.3653290935955331
463,163201.05197143555,2146.000459307335 493.0390968270663 -1.3654587933025644
464,226328.83694458008,2150.6796805963977 493.7909431405429 -1.3654282757244394
465,199758.66555786133,2154.8188094171987 494.41292952970304 -1.3669160076580331
466,246626.41716003418,2159.9763632257927 494.97552871183194 -1.3669083782635019
467,166072.89070129395,2163.2106153376094 496.39374160245694 -1.3666489788494394
468,194930.1806488037,2167.1578496271604 497.4021339364413 -1.3667939373455331
469,122037.62944030762,2169.541454766321 498.4137229867343 -1.3669007488689706
470,251570.23738098145,2174.435054412317 500.5859184213046 -1.3669388958416269
471,163739.71754455566,2177.823450811243 501.1137733407382 -1.3668931194744394
472,177712.252243042,2181.4206942560677 502.04059218839444 -1.3676408001385019
473,212798.81593322754,2185.613381426478 503.6445579476718 -1.3676942059002206
474,282002.9981689453,2191.4343110895643 504.62314223722257 -1.3716080852947519
475,223653.69721984863,2196.022795989467 505.5211906381015 -1.3715851971111581
476,189417.77963256836,2199.7872376154437 506.80871200040616 -1.3761780926189706
477,206083.90391540527,2203.9569831964986 507.8881950326327 -1.3766282268963144
478,147470.85795593262,2206.9237487360497 508.73419570401944 -1.3767045208416269
479,276240.33641052246,2212.408267876675 510.6399040170077 -1.3766511150799081
480,237882.0837097168,2217.1969175714994 511.9920005746249 -1.3854401775799081
481,238726.68975830078,2222.1188222712067 512.8446159310702 -1.3858063885174081
482,329032.646194458,2228.956170391324 513.7865486092928 -1.3860963055095956
483,220123.01022338867,2233.4827732721837 514.6235847421053 -1.3870194622478769
484,298182.1795806885,2239.66853295236 515.5239601083163 -1.3870957561931894
485,276711.0416107178,2245.334204436735 516.6839027352694 -1.3872788616619394
486,368153.42362976074,2253.010984319548 517.6230964608553 -1.3872941204510019
487,287564.0841217041,2258.90977958322 518.779140467203 -1.3880265423260019
488,173601.38623046875,2262.3552972590014 519.9814262338045 -1.3884156414470956
489,227403.04434204102,2267.0390046320485 520.8144340463045 -1.3890641399822519
490,162270.25756835938,2270.282701934295 521.8375205941561 -1.3924363323650644
491,231501.74562072754,2274.9938446100764 522.933307642496 -1.3926346966228769
492,385338.26066589355,2282.856224773651 524.668056482828 -1.2935288616619394
493,213031.31651306152,2287.1100233942566 526.0312461800936 -1.2935136028728769
494,141206.67776489258,2289.970435174042 526.7563590951327 -1.2935822674236581
495,214004.25714111328,2294.337186980683 527.7180595345858 -1.2936509319744394
496,84046.60566711426,2295.9935277155464 528.3514900155428 -1.2937119671306894
497,260842.35569763184,2301.375141582734 529.2671546883944 -1.2937958904705331
498,259187.95295715332,2306.7389255549024 530.1063499398592 -1.1157868572674081
499,228488.1043548584,2311.3223369074417 531.4777793832186 -1.1170228191814706
500,268789.41191101074,2316.898866546114 532.2850913949374 -1.1169770428142831
501,276515.56675720215,2322.6695413874227 532.9732627816561 -1.1171906658611581
502,238659.18090820312,2327.5288392756065 534.0919914193514 -1.1172517010174081
503,298181.46353149414,2333.6217568537318 535.3958625741366 -1.1174348064861581
504,289499.8804168701,2339.4411148615445 537.0815238900545 -1.1200516888103769
505,117473.17805480957,2341.671346282443 538.3353156991366 -1.1212189861736581
506,205430.78819274902,2345.959614507541 538.8390006966952 -1.1214249798260019
507,205693.55029296875,2350.1710394709203 539.7025184579256 -1.1223252483806894
508,262164.613571167,2355.548701311741 540.7600364632967 -1.1345017620525644
509,257975.9316558838,2360.895883721409 541.5592689462069 -1.1345093914470956
510,136815.68991088867,2363.68979769846 542.1649894662264 -1.1344712444744394
511,242885.9744873047,2368.6584476984603 543.2026710458163 -0.5868409344158456
512,248588.5876159668,2373.749877544652 544.2392234750155 -0.5868943401775644
513,285416.9458312988,2379.6615130793202 545.1419181771639 -0.5868409344158456
514,117113.8901977539,2381.8933771906486 546.3552970834139 -0.6652939983806894
515,176898.90101623535,2385.464756988012 547.3186607308749 -0.6654465862713144
516,198652.53092956543,2389.5184823664304 548.2113304086092 -0.6657746502361581
517,272914.38371276855,2395.063006695044 549.5436973519686 -0.6647065350017831
518,330024.15020751953,2401.8367104059816 550.8585472054842 -0.6648820110760019
519,263242.54710388184,2407.248048394263 551.8704338021639 -0.6649583050213144
520,253171.27745056152,2412.3994452814704 553.0729408212069 -0.6651261517010019
521,217668.79623413086,2416.761825445045 554.3979453988436 -0.6651261517010019
522,249121.89421081543,2421.9090032770764 555.2410469003084 -0.6655762859783456
523,251319.2296295166,2427.008604204811 556.4991187997225 -0.6662781902752206
524,223397.47602844238,2431.469838433327 557.9256858773592 -0.6661790081463144
525,159300.46145629883,2434.659046599831 558.9104957528475 -0.6663468548260019
526,203102.28146362305,2438.7432056330344 560.0861015267733 -0.6666062542400644
527,493600.0873260498,2449.147104961648 560.866168970621 -0.6678193279705331
528,212437.41329956055,2453.498521685281 561.7506751962069 -0.6678803631267831
529,211043.05546569824,2457.8462991877227 562.5200004525545 -0.6678269573650644
530,186207.58891296387,2461.612571868387 563.5036277718905 -0.6748688885174081
531,255019.06071472168,2466.6719048517857 565.2799186654452 -0.6754868694744394
532,156078.92031860352,2469.7276901667274 566.5445442147616 -0.6755555340252206
533,207626.74130249023,2474.0213294855753 567.2315711923006 -0.6756318279705331
534,116852.43829345703,2476.2323806086224 568.5114021249178 -0.6759217449627206
535,177799.3087310791,2479.803989287822 569.557216639078 -0.6762803265056894
536,117511.33622741699,2482.129313482158 570.4021034188631 -0.6775849529705331
537,264540.2469177246,2487.4827901423146 571.7879829354647 -0.6887620159588144
538,233448.6432952881,2492.2774899470023 572.7020530648592 -0.6915391155681894
539,206342.69924926758,2496.4621281061823 573.7455940194491 -0.6916382976970956
540,133234.5471343994,2499.056731780499 574.8846931405428 -0.6917985149822519
541,207461.3726348877,2503.3207385309875 575.6853675790194 -0.6919968792400644
542,210885.5580444336,2507.5400751764955 577.0005226083163 -0.6928208538494394
543,130686.47331237793,2510.1069841486637 578.0227470345858 -0.6946442791424081
544,184275.87309265137,2513.9894753962226 578.3216056771639 -0.6948426434002206
545,264172.0082550049,2519.359492583723 579.6004524178866 -0.6950333782635019
546,362934.98139953613,2526.7219185236645 581.4250831551913 -0.6951401897869394
547,208226.06637573242,2531.043122844954 582.0498008675936 -0.6953004070720956
548,198949.47402954102,2534.962471697493 583.5526237435702 -0.6952927776775644
549,264456.9874572754,2540.4090956354817 584.5273475594881 -0.6952927776775644
550,368984.8567504883,2548.0582723688804 585.66843032316 -0.6952470013103769
551,179336.77670288086,2551.717458867904 586.4771919198397 -0.6957276531658456
552,244410.8698577881,2556.743825237533 587.4097633309725 -0.6960938641033456
553,297854.1399383545,2562.8955578181 588.4299583382967 -0.7196076580486581
554,337984.59783935547,2569.7978397150728 589.9302177377108 -0.7195618816814706
555,275761.690322876,2575.35939285228 591.457118982828 -0.7222245403728769
556,189035.40936279297,2579.042390691636 593.0665855355624 -0.7224763103924081
557,117406.56201171875,2581.380639080308 593.8479270882967 -0.7225220867595956
558,256334.55836486816,2586.679275652574 594.7066001839999 -0.7225220867595956
559,209873.4911956787,2590.8916008845076 595.9581794686678 -0.7245362469158456
560,403050.743560791,2599.2063202204454 597.3809165902499 -0.7245515057049081
561,256795.32540893555,2604.4938026179066 598.3318595834139 -0.7246049114666269
562,185339.91902160645,2608.2819106257193 599.1428260751131 -0.7269318767986581
563,239055.92875671387,2613.228610857653 599.9186057992342 -0.7270997234783456
564,188682.10458374023,2616.9947233210323 601.13620376066 -0.7270692059002206
565,233793.53103637695,2621.646341460681 602.7097511239413 -0.7270005413494394
566,124313.64349365234,2624.2072766169313 603.1639976449374 -0.7271226116619394
567,236653.53358459473,2628.9683231623417 604.5260581918124 -0.7270386883220956
568,122713.58531188965,2631.357085772205 605.5797309823397 -0.7270920940838144
569,304198.55380249023,2637.683394158436 606.4351539559725 -0.7273209759197519
570,271049.4604797363,2643.291387420155 607.3209953256014 -0.7274583050213144
571,156828.58840942383,2646.4653062800185 608.142436975992 -0.7277711101970956
572,280580.00341796875,2652.2034722712297 609.3526878304842 -0.7277024456463144
573,233611.5406036377,2656.86238411205 610.8758888192538 -0.7278474041424081
574,227364.90254211426,2661.5880684138083 611.5264244027499 -0.7281144329510019
575,219811.5142364502,2665.7211547541406 614.0510215707186 -0.7289841839275644
576,266759.6733703613,2671.230690679434 614.9660301156405 -0.7290757366619394
577,179330.0406036377,2674.7727736017973 616.2843513436678 -0.7291367718181894
578,282494.3832702637,2680.6532049128327 617.0539894051913 -0.7291749187908456
579,196177.99647521973,2684.7022305842197 617.7380790658358 -0.7294877239666269
580,201940.95304870605,2688.8141377253332 618.6898612923983 -0.7297394939861581
581,241914.61294555664,2693.77234308422 619.6845512338045 -0.7297242351970956
582,215695.8366241455,2698.168750347404 620.6796531625155 -0.7296860882244394
583,192062.47897338867,2701.98154707592 622.0086555428866 -0.7301514812908456
584,158633.41220092773,2705.054414605217 623.4388923592928 -0.7300980755291269
585,157488.29484558105,2708.3070306696704 623.979694361246 -0.7301514812908456
586,306699.43702697754,2714.689689763909 624.8221702523592 -0.7359116741619394
587,304857.4613952637,2720.8075402033624 626.64792251066 -0.7359879681072519
588,145383.99098205566,2723.6346267878353 627.9085731454256 -0.7300446697674081
589,166548.3476409912,2727.066373406488 628.5148887582186 -0.7299988934002206
590,260449.9250640869,2732.42211599682 629.5127601571444 -0.7299760052166269
591,194934.65487670898,2736.4513128718204 630.1684760995272 -0.7318223186931894
592,336887.7765197754,2743.4525632746527 631.1386909432772 -0.7331650921306894
593,199814.12641906738,2747.55553639477 631.9275855965975 -0.7337220379314706
594,207710.59381103516,2751.758958123286 633.0177268929842 -0.7343247600994394
595,226340.4021911621,2756.350265899165 634.1568565316561 -0.7344010540447519
596,235067.91986083984,2761.0267253474076 635.7426948495272 -0.7353852459392831
597,184398.78546142578,2764.846724224361 636.3255805917147 -0.7286103435955331
598,272755.78204345703,2770.3195398737753 637.9600791879061 -0.7289918133220956
599,176439.72190856934,2773.8232774592248 639.1776466317538 -0.7290375896892831
600,327218.8546447754,2780.4877358698695 640.7078208871249 -0.7319138714275644
601,192125.5831451416,2784.379702825436 641.699176783121 -0.7319977947674081
602,195748.77252197266,2788.374323284421 642.58444594816 -0.7321809002361581
603,295439.6212615967,2794.3766723200656 644.0322608895663 -0.7427170940838144
604,230912.66493225098,2799.176094719968 644.6930808968905 -0.7437089153728769
605,248931.23683166504,2804.2615888972146 645.7909049935702 -0.7436555096111581
606,311874.19763183594,2810.7115545100078 646.826747889078 -0.7438691326580331
607,210034.7485961914,2815.028204082762 647.6415977425936 -0.7442506023845956
608,234768.47744750977,2819.883870379149 648.4184760995272 -0.7448685833416269
609,176313.70866394043,2823.323826226317 649.9008903451327 -0.7450440594158456
610,270894.8064880371,2828.8602481379385 651.0872535653475 -0.7451050945720956
611,296897.74952697754,2835.0113856257317 652.0238304086092 -0.7450669475994394
612,297008.8972015381,2841.071389995849 653.3677329964999 -0.23446971859553312
613,158869.64025878906,2844.2620248591306 654.3072776742342 -0.23453075375178312
614,253100.89894104004,2849.5028611384278 655.120464319742 -0.2795441814861581
615,171942.11714172363,2853.009711516846 655.9026145882967 -0.2843659588299081
616,138490.1026916504,2855.7544921931158 656.8826484628084 -0.2849000164470956
617,221215.61152648926,2860.3344779475105 657.5965690560702 -0.28513652767756437
618,190337.07386779785,2864.2384688288585 658.3678398080233 -0.2867615887127206
619,296923.2819519043,2870.246028740968 659.9320335336092 -0.29078227963068937
620,277907.49630737305,2875.9428815607926 661.0749931283358 -0.29168254818537687
621,267504.77296447754,2881.4271489313983 662.1746940560702 -0.2916444012127206
622,275927.3241882324,2887.1856625178243 662.8636970467928 -0.29169780697443937
623,205999.8978881836,2891.34668770093 663.978717798746 -0.29168254818537687
624,239698.35438537598,2896.2187877131373 665.1454276986483 -0.2923920818767831
625,271184.12968444824,2901.652502715579 666.8060798592928 -0.32079631771662687
626,159600.27139282227,2904.913114385501 667.509983057535 -0.3210328289470956
627,183928.79446411133,2908.661686870853 668.3619651742342 -0.32122356381037687
628,279365.83195495605,2914.3000451228063 669.8952522225741 -0.32126934017756437
629,419760.0262145996,2923.0432922907753 671.0196876473788 -0.32142192806818937
630,192919.74562072754,2926.9568962092326 671.9934883065584 -0.3215668865642831
631,316781.6763153076,2933.348557989018 673.7392463631991 -0.32148296322443937
632,170069.51051330566,2936.714050945561 674.964214319742 -0.32158977474787687
633,199769.3490447998,2940.8679350153857 675.530231470621 -0.32839519466975187
634,173011.28141784668,2944.266089409917 676.8870887704256 -0.3284638592205331
635,213897.9836730957,2948.6821805109917 677.6305274911288 -0.32850200619318937
636,143325.8136138916,2951.5559132136286 678.499355310953 -0.3289063641033456
637,220953.78178405762,2956.1336864436093 679.1992149300936 -0.3293336101970956
638,302709.2391052246,2962.3253054987854 680.504238123453 -0.32924968685725187
639,257621.4394683838,2967.74904125318 680.9430427499178 -0.3292267986736581
640,236599.15675354004,2972.55925161695 682.0914192147616 -0.32955486263850187
641,214877.29318237305,2977.0265435847236 682.7053489632967 -0.32955486263850187
642,183248.1407775879,2980.673904522224 683.9314308114413 -0.32984477963068937
643,281072.67500305176,2986.4844963557202 684.8767127938631 -0.3299439617595956
644,141970.7170562744,2989.4238189631424 685.3360786385897 -0.32999736752131437
645,168848.2978363037,2992.79876473951 686.4040565438631 -0.3300202557049081
646,163997.48693847656,2995.9817168024983 687.8579215951327 -0.3304475017986581
647,166162.59283447266,2999.4014623835533 688.4810295052889 0.46605365786931063
648,183974.96643066406,3003.251093828866 688.8981895394686 0.4659239581622794
649,136210.105178833,3005.9573079157803 689.8321571298006 0.4659239581622794
650,262697.7672729492,3011.189431426523 691.5790443368319 0.46335285220524813
651,149856.5915222168,3014.1574100398043 692.6484641976717 0.46330707583806063
652,286519.52923583984,3020.0431666682225 693.7748451180819 0.46326129947087313
653,356334.07751464844,3027.423468279551 694.9114189095858 0.4613768390216544
654,257978.33140563965,3032.6242426081644 696.3554496713045 0.46132343325993563
655,235728.37055969238,3037.4134339900006 697.5122718758944 0.46132343325993563
656,267581.14961242676,3042.633609868907 699.7675743050936 0.4612700274982169
657,152179.4878540039,3045.7826492732042 700.2656516976717 0.4608580401935294
658,201545.60850524902,3049.9115852229115 701.1067466683749 0.46074359927556063
659,183619.13291931152,3053.6709456721305 701.8836173959139 0.46059101138493563
660,274093.037109375,3059.253639861584 703.1695060677889 0.4591337970294669
661,239623.3585510254,3063.9807508601193 704.9603004403475 0.45914142642399813
662,185984.6183013916,3067.67433066969 706.2455329842928 0.45329731021306063
663,213678.22012329102,3071.956686114026 707.5499916024569 0.45322101626774813
664,270168.2814025879,3077.405728570081 709.050510401285 0.45293109927556063
665,226973.4019317627,3082.0214427790656 710.1462745614413 0.45283954654118563
666,154205.6907196045,3085.1616473444956 710.874958033121 0.45232074771306063
667,157440.48248291016,3088.3373133357068 711.7463722176913 0.4502989581622794
668,141648.7521057129,3091.0756700617812 713.0501747079256 0.44994037661931063
669,257814.1653289795,3096.3217477351213 714.2810554452303 0.44987934146306063
670,244507.52363586426,3101.3884430842427 715.0519676156405 0.4491240314044669
671,206192.95710754395,3105.689917791274 715.5770988412264 0.44908588443181063
672,201294.23919677734,3109.8429778864893 716.2896232552889 0.4491240314044669
673,209729.41246032715,3114.117398760513 717.2634849496249 0.44905536685368563
674,186218.46644592285,3117.7032438899078 719.0370216317538 0.44885700259587313
675,145016.6245880127,3120.6012304377596 719.9588813729647 0.4482542804279044
676,197696.75253295898,3124.5633878230137 721.1677818246249 0.4481779864825919
677,157787.0675048828,3127.7425938532874 722.0584144540194 0.4481474689044669
678,208838.20346069336,3131.884461626725 723.5230827279452 0.44813983950993563
679,311224.56840515137,3138.195762993913 725.1042671151522 0.44813983950993563
680,158478.36993408203,3141.5213084406905 725.4246253915194 0.4481016925372794
681,274233.54080200195,3147.18968073073 726.3516349740389 0.4318968585529044
682,372669.4005279541,3154.904348186785 727.5599250741366 0.43011920962712313
683,230029.78509521484,3159.567624041277 728.7349281258944 0.43004291568181063
684,240498.32444763184,3164.5739098445 729.3952827401522 0.4322783282794669
685,169893.48663330078,3167.8967544856137 730.7923164315584 0.41975849185368563
686,168258.07421875,3171.413072942645 731.1933784432772 0.41957538638493563
687,200030.27728271484,3175.461366192157 732.245937342203 0.41940753970524813
688,385387.74674987793,3183.380051287372 733.7549171395663 0.4192320636310294
689,130123.45349121094,3185.918746758564 734.8506431527499 0.41917865786931063
690,330374.4492492676,3192.7515325007516 735.9510993905428 0.4174010089435294
691,290501.80923461914,3198.6879330500683 737.2291297860506 0.4173704913654044
692,201904.16552734375,3202.679623821553 738.702495569742 0.4169737628497794
693,172600.6018371582,3206.1512340266313 739.7042732186678 0.4136168292560294
694,250837.90188598633,3211.260745537862 740.8787422128084 0.41356342349431063
695,368244.087020874,3218.8681971125693 742.1441688485506 0.41357868228337313
696,315875.34034729004,3225.3133790949914 743.574909204996 1.0135771564044669
697,94863.04612731934,3227.191948833761 744.2536582894686 1.0135618976154044
698,305541.04679870605,3233.376472552023 745.8576011605624 1.0133711627521231
699,184147.29429626465,3237.0599357844453 747.0142326302889 1.0123869708575919
700,176386.31791687012,3240.623693816672 747.9692726083163 1.0122877887286856
701,141811.32958984375,3243.5363516902075 748.5294303841952 1.0122496417560294
702,202768.82720947266,3247.6123320124734 749.7167320199374 1.0120817950763419
703,355478.64933776855,3255.0003545710674 750.7440681405428 1.0072752765216544
704,289272.766494751,3260.8287915583724 752.3803520150545 1.0072523883380606
705,224500.2296142578,3265.449419097435 753.2250251717928 1.0067412189044669
706,199080.0164489746,3269.4751293391346 754.2872352548006 1.0063063434161856
707,186973.74449157715,3273.158829082787 755.7074012704256 1.0063368609943106
708,176796.18968200684,3276.841742998803 756.1819343514803 1.0063368609943106
709,190607.3020324707,3280.804899834741 756.7265052743319 1.0062758258380606
710,223404.60314941406,3285.270330230249 758.1435584969881 1.0063139728107169
711,187993.1819152832,3289.021176275171 759.3689231820467 1.0035445025958731
712,192982.12480163574,3292.8494072688236 760.7201271005038 1.0034987262286856
713,289599.0625,3298.687571734156 762.3451194711092 0.9982649615802481
714,280230.06411743164,3304.265161858668 764.2270774789217 0.9983031085529044
715,307156.1089782715,3310.59324026443 765.3572578378084 0.9981886676349356
716,290129.7222290039,3316.4736181697035 766.8472328133944 0.9960753253497794
717,196753.38471984863,3320.5688703425553 767.3890113778475 0.9960219195880606
718,204641.59008789062,3324.7528218562275 768.2827796883944 0.9959456256427481
719,165276.31216430664,3328.070066521755 769.2729377694491 0.9945189288654044
720,283918.5519256592,3333.9367267756616 770.2439384408358 0.9943434527911856
721,223430.97369384766,3338.502605779568 771.2306785531405 0.9941527179279044
722,215164.12602233887,3343.0139651301542 771.6807365365389 0.9930769732989981
723,136601.5753479004,3345.7008921076936 772.7359962411288 0.9930388263263419
724,318659.0460662842,3352.1478669978305 774.425022120035 0.8250624469318106
725,381400.0851135254,3360.1290215754675 775.292926783121 0.8250471881427481
726,263368.7540435791,3365.562736577909 776.2289466805819 0.8251311114825919
727,318406.6309967041,3372.279799663847 776.718967432535 0.8247038653888419
728,380982.0506744385,3380.1861861750776 777.8739128060702 0.8244673541583731
729,116070.50465393066,3382.39780187332 779.0836372323397 0.8245131305255606
730,260124.3118133545,3387.7976805110156 779.8631706185702 0.8245665362872794
731,272554.5901489258,3393.4815099543753 780.5692634530428 0.8246199420489981
732,195940.64045715332,3397.401682781524 781.7976798959139 0.8229643634357169
733,273943.317276001,3402.9566441218562 783.1959724374178 0.8228041461505606
734,104866.4388885498,3405.0221569148252 783.9945030160311 0.8227278522052481
735,217944.26928710938,3409.4275134577942 785.1675987191561 0.8210951617755606
736,198351.03547668457,3413.5300669612125 785.8283653207186 0.8210570148029044
737,209154.97737121582,3417.692236553498 787.2375602670077 0.8208662799396231
738,209444.54878234863,3421.998716143342 788.0455665536288 0.8207976153888419
739,254452.1736755371,3427.2066849909984 789.1343421883944 0.8205305865802481
740,319265.22132873535,3433.688999236604 790.7235298104647 0.8203093341388419
741,195392.513671875,3437.675669866487 791.613124842203 0.8201262286700919
742,256552.22804260254,3442.9860633357257 792.4511680550936 0.8200423053302481
743,139770.30375671387,3445.792275896761 793.2863960214022 0.8146406940021231
744,208684.22424316406,3450.0633627253746 794.1787757821444 0.8138396075763419
745,237514.96057128906,3454.974250579379 794.9771690316561 0.8134657672443106
746,207267.05194091797,3459.1924199275236 795.9679145760897 0.8099409869708731
747,216711.16500854492,3463.4665890315277 797.5956458993319 0.8089262774982169
748,322819.9308166504,3470.0390903498874 799.1267585702303 0.8088270953693106
749,148207.01538085938,3472.8204539729345 800.8566856332186 0.8088118365802481
750,177644.54425048828,3476.3997835993996 801.8613471932772 0.8086211017169669
751,158364.54528808594,3479.6420236872905 802.5346717782381 0.8081557086505606
752,159214.16831970215,3482.8418824885603 803.4697837777499 0.8081785968341544
753,157124.10023498535,3485.9917153498886 804.4300880380038 0.8081328204669669
754,168668.18798828125,3489.2300644465686 806.0819358773592 0.8072783282794669
755,159872.55947875977,3492.3369819636587 807.4831733651522 0.8072325519122794
756,195866.7393798828,3496.3735412043816 808.2002372689608 0.8070952228107169
757,190278.82357788086,3500.2012762873896 809.30514907316 0.8070570758380606
758,253658.8593597412,3505.260502459265 810.9646415658358 0.8070036700763419
759,277847.5907897949,3511.031352776648 811.7891044564608 0.7966048053302481
760,252742.02786254883,3516.3305997004763 812.3188819833163 0.7949415973224356
761,337554.6896057129,3523.348428777625 813.2870445199374 0.7948118976154044
762,276223.9090270996,3529.086678692176 814.1027107186678 0.7948347857989981
763,314217.01930236816,3535.632301653602 814.9484748788241 0.8806654742755606
764,114939.44897460938,3537.8873896418836 815.8634910531405 0.8807265094318106
765,188589.81942749023,3541.7627016291885 816.60202407316 0.8807341388263419
766,255674.64901733398,3547.0234124812396 817.5758323617342 0.8804594806232169
767,130289.09794616699,3549.4971818049703 818.9730110116366 0.8744322589435294
768,166602.82231140137,3552.8285103328026 820.0275382943514 0.8743254474200919
769,176323.01542663574,3556.2721511775294 821.4997749276522 0.8741270831622794
770,125055.56436157227,3558.7664893489164 822.3180274911288 0.8738371661700919
771,146220.67738342285,3561.7566084651276 822.955669397867 0.8709074786700919
772,210498.01541137695,3566.1547399714755 823.4652519173983 0.8703123858966544
773,147422.44381713867,3568.975562823038 824.9505958505038 0.8700377276935294
774,241507.22523498535,3573.84873095048 826.2877922006014 0.8697020343341544
775,172448.48030090332,3577.311994597941 827.3148078866366 0.8696409991779044
776,154165.31718444824,3580.3904392146405 828.3067054696444 0.8695952228107169
777,159394.24765014648,3583.6052516291916 829.195888514078 0.8696409991779044
778,183922.01864624023,3587.2485460994067 830.5106162972811 0.8696562579669669
779,253725.38542175293,3592.51914464677 831.2577094979647 1.0759932330646231
780,229441.98764038086,3597.260461577923 832.0439643807772 1.0759169391193106
781,252183.79418945312,3602.0560235041926 834.7159385629061 1.0759398273029044
782,309833.8837738037,3608.2442779963803 836.7063636727694 1.0757948688068106
783,113075.52772521973,3610.459731280072 837.6193199105624 1.0748259357013419
784,259806.95204162598,3615.8537047664004 838.3987541146639 1.0738570025958731
785,310407.6540374756,3622.2420706477483 839.5755348153475 1.0737730792560294
786,157292.41047668457,3625.433773626264 840.3696937508944 1.0731245807208731
787,338450.03384399414,3632.3859975398386 841.7096595712069 1.0728346637286856
788,231655.0535583496,3637.1679638850537 842.5246238656405 1.0726134112872794
789,262611.95109558105,3642.5559101497024 843.5926933236483 1.0726210406818106
790,174730.8373413086,3645.79795950273 845.795139307535 1.0725523761310294
791,152470.0397491455,3648.933410955367 846.3818778939608 1.0719878009357169
792,273222.85163879395,3654.5693888362266 847.3621025033358 1.0733305743732169
793,209629.82823181152,3658.809668169723 848.4783973641756 1.0733916095294669
794,137991.01782226562,3661.558126214157 849.3997840829256 1.0727278522052481
795,324844.1372375488,3668.400738616501 849.9478950448397 1.0725752643146231
796,195464.7002105713,3672.431713140427 850.6531028695467 1.0725905231036856
797,186878.01039123535,3676.1917831233372 851.7347907967928 1.0726591876544669
798,181756.59231567383,3679.8687537410133 852.7018318124178 1.0726820758380606
799,228815.2631225586,3684.6153044368143 853.4055824227694 1.0727202228107169
800,204248.73007202148,3688.787933929002 854.3147773690584 1.0726210406818106
801,255724.59754943848,3694.0625989436508 855.2327766366366 1.0725218585529044
802,148745.15618896484,3697.078726665819 855.9928703256014 1.0488631061114981
803,185438.24882507324,3700.8864879939442 856.7342109628084 1.0487334064044669
804,147838.30744934082,3703.8262607356437 857.7422828622225 1.0450636676349356
805,214256.96365356445,3708.133304900683 859.0000953622225 1.0446287921466544
806,52776.34080505371,3706.738742315234 860.1396827645663 1.0444609454669669
807,261019.23406982422,3712.1353326838866 861.0236625619295 1.0370375445880606
808,310769.97563171387,3718.380754229297 862.855670923746 1.0369536212482169
809,229405.75839233398,3723.20588768877 863.2740058846834 1.0353056720294669
810,206069.28364562988,3727.3385010066413 864.5258216805819 1.0352217486896231
811,362347.67294311523,3734.593489812794 866.7810859628084 1.0351454547443106
812,240121.54780578613,3739.540022198048 867.6717491097811 1.0323683551349356
813,140324.0113067627,3742.337010821095 868.5992622323397 1.0319411090411856
814,314131.44509887695,3748.8029752742204 869.7882194466952 1.0319716266193106
815,153698.60037231445,3751.9321401057637 870.5170097298983 1.0319105914630606
816,250681.65254211426,3757.124842534963 871.3241615243319 1.0285994342364981
817,203720.3539428711,3761.1263065608423 872.9276847787264 1.0285612872638419
818,260868.4616394043,3766.3825389583035 874.4057960458163 1.0868651202716544
819,334454.17039489746,3773.3852236873076 875.1573905892733 1.0867125323810294
820,247540.2098236084,3778.482390838187 876.0853538461092 1.0867354205646231
821,356067.9298248291,3785.847151372855 877.278766626871 1.0863768390216544
822,226943.8508605957,3790.5834405330115 877.852397913492 1.0860640338458731
823,203334.86193847656,3794.6962555720743 878.9378623910311 1.0859495929279044
824,162410.37043762207,3798.044712090629 879.5267372079256 1.0858732989825919
825,132840.9538269043,3800.747988860649 880.1658973641756 1.0857130816974356
826,255723.8797302246,3805.9762213801805 881.2855262704256 1.0856138995685294
827,280364.8903198242,3811.8043303035206 882.0989875741366 1.0855681232013419
828,250295.8553314209,3817.0133062312552 882.797939295328 1.0854994586505606
829,214776.056640625,3821.34337590899 884.0056419320467 1.0855604938068106
830,220133.35876464844,3825.8842839045956 884.7954292245272 1.0853239825763419
831,226074.81367492676,3830.434766790338 886.0988120980624 1.0852476886310294
832,226896.99688720703,3835.0737125056703 887.0935325570467 1.0847441485919669
833,328671.62969970703,3841.8629344050846 888.2332496590975 1.0847441485919669
834,291465.50036621094,3847.870875786921 889.2980918832186 1.0846907428302481
835,310963.510055542,3854.2593942561593 890.5284461923006 1.0845000079669669
836,164525.16175842285,3857.504960760066 891.764980310953 1.0799376300372794
837,235011.20416259766,3862.1456383479567 893.5097846932772 1.0795866778888419
838,164191.44778442383,3865.456245440242 894.4318656869295 1.0793196490802481
839,247192.31243896484,3870.5578223811603 895.3102226205233 1.0792204669513419
840,192573.26417541504,3874.478628448055 896.2243537850741 1.0791823199786856
841,168963.8878479004,3877.9438681087 896.919536585367 1.0791518024005606
842,211852.35484313965,3882.269405926083 897.8744087167147 1.0789229205646231
843,202846.18891906738,3886.3434407527434 899.0831260629061 1.0789534381427481
844,241151.85609436035,3891.3010433894624 900.0221824593905 0.9454314044513419
845,239707.92962646484,3896.1397113948337 901.3449592538241 0.9410445025958731
846,239882.01808166504,3900.8794490413184 903.1143302865389 0.9409834674396231
847,266416.9455871582,3906.3034747127053 904.3833579964999 0.9407545856036856
848,223107.46244812012,3910.9339441707134 905.0624198861483 0.9407011798419669
849,242487.10089111328,3915.825117669249 906.4161949105624 0.9407316974200919
850,128692.04232788086,3918.449239471007 907.0112800546053 0.9405028155841544
851,244217.1413269043,3923.412083501769 908.2140006966952 0.9396788409747794
852,303774.2551574707,3929.7801094172964 908.8641395516756 0.9397017291583731
853,202686.56538391113,3933.8736297175897 909.9732170052889 0.9396864703693106
854,262977.92779541016,3939.2444708796993 911.1543083138827 0.9393889239825919
855,327726.1076660156,3945.959496917297 912.529026026285 0.9394347003497794
856,293240.91578674316,3952.086502630188 913.243999475992 0.9393126300372794
857,253604.71347045898,3957.2620160335086 914.3981056161288 0.9393507770099356
858,396755.85874938965,3965.530501238587 915.460048670328 0.9384352496661856
859,224255.03912353516,3970.092237481263 916.5439262338045 0.9362913898029044
860,344630.2537841797,3977.276562835267 917.4572029061678 0.9362608722247794
861,128619.22326660156,3979.844425481752 918.2904090829256 0.9360701373614981
862,160147.2308959961,3983.0487093318498 919.2986640878084 0.9357344440021231
863,216721.28019714355,3987.4902826106586 920.2051277108553 0.9344832232989981
864,143446.89094543457,3990.362100335268 921.0979423470858 0.9345595172443106
865,175375.95274353027,3993.8534554133935 922.2776527352694 0.9336287311114981
866,321887.3432159424,4000.4981689509914 923.4159126229647 0.9331404498614981
867,263433.0048828125,4005.861655376773 924.671230310953 0.9320418170489981
868,142679.11154174805,4008.746000567203 925.4399757333163 0.9229857257404044
869,235365.9688720703,4013.4510549861484 926.9383506722811 0.9226958087482169
870,231482.31687927246,4018.1738401179846 927.9991187997225 0.9225889972247794
871,158136.58625793457,4021.391460149723 928.7613716073397 0.9226347735919669
872,169290.38694763184,4024.6736477473796 930.2840156503084 0.9223830035724356
873,242592.52590942383,4029.654390337712 931.2593193002108 0.9222380450763419
874,181296.33473205566,4033.3166362239426 932.248867029703 0.9220396808185294
875,304329.03549194336,4039.574981963689 933.4289817757967 0.9210707477130606
876,154717.134765625,4042.6019968318533 934.7005500741366 0.9209105304279044
877,227159.9851989746,4047.2576432918145 935.6497306771639 0.9202696612872794
878,252835.02716064453,4052.316716875799 937.2397346444491 0.9202391437091544
879,275243.10290527344,4058.0199478694517 938.1197013802889 0.9197432330646231
880,293135.3827056885,4063.8738899226746 940.0137443490389 0.9186827472247794
881,145918.48867797852,4066.757510320624 941.0886955209139 0.9185911944904044
882,167191.77145385742,4070.023737224921 942.48386001066 0.9180037311114981
883,216303.48100280762,4074.4574217097847 943.385585779703 0.9178053668536856
884,179447.75187683105,4078.117676324043 944.2115974374178 0.9177367023029044
885,138499.1226348877,4080.906783782539 945.004352564371 0.9177901080646231
886,359194.137008667,4088.3125599422074 946.3149833627108 0.9119383624591544
887,160744.7057952881,4091.550764080391 947.232036585367 0.9042326739825919
888,264496.6816101074,4096.771191729317 949.2091789193514 0.9042860797443106
889,111382.95904541016,4098.888828545723 950.3910407967928 0.9041945270099356
890,163146.1873779297,4102.191539214668 951.2522239632967 0.9039122394122794
891,215446.2858734131,4106.610796514473 952.1369590707186 0.9037596515216544
892,205665.9988861084,4110.853074749336 952.8790702767733 0.9036299518146231
893,127673.5092010498,4113.425362444648 953.6056556649569 0.9036299518146231
894,307170.7985229492,4119.84368895832 954.3561363168124 0.9035689166583731
895,224040.2091369629,4124.451789031562 955.2219657845858 0.9035002521075919
896,331103.24699401855,4131.161367681464 956.9385108895663 0.9034697345294669
897,252795.42570495605,4136.2630972102725 958.3395957894686 0.9028975299396231
898,203270.24452209473,4140.313313067206 959.6935005135897 0.9028059772052481
899,189640.2218017578,4144.0905262996275 960.9617042489413 0.9026457599200919
900,214333.28327941895,4148.496279571112 961.8022804208163 0.9018294147052481
901,261874.15295410156,4153.935022344549 962.5836830087069 0.9004408649005606
902,282591.6707611084,4159.666611797674 964.0290718026522 0.9003950885333731
903,304876.01667785645,4165.9450457332205 965.1738471932772 0.9003950885333731
904,203141.2734527588,4170.121581475408 965.9659385629061 0.8996779254474356
905,253510.66064453125,4175.325178679997 966.993251795328 0.8991362384357169
906,205037.24868774414,4179.458463384587 968.150119776285 0.8982893756427481
907,290798.20178222656,4185.455036968571 969.208354944742 0.8875624469318106
908,179197.24421691895,4188.974201189762 970.6243781991366 0.8868376544513419
909,191487.33638000488,4192.913966302067 971.3583641000155 0.8855635455646231
910,213884.03010559082,4197.363779326969 971.9659614510897 0.8855406573810294
911,393043.8442993164,4205.525849737125 973.1475562997225 0.8853575519122794
912,456388.7362976074,4214.993866497379 974.5603141732577 0.8854109576739981
913,33362.38807678223,4214.010780047183 975.7216148324374 0.8850218585529044
914,190262.26078796387,4217.917433587222 976.4857215829256 0.8849608233966544
915,162647.04747009277,4221.1986141048 977.3948097176913 0.8849303058185294
916,174607.29637145996,4224.575116277651 979.0026664681795 1.3481184772052481
917,217138.1810913086,4228.9596140559715 980.1971626229647 1.3481413653888419
918,307801.5252227783,4235.340197954897 981.1708106942538 1.3481032184161856
919,228475.03520202637,4240.06230407062 981.9562263436678 1.3444411090411856
920,246818.0027923584,4245.181436248354 982.7260093636874 1.3435408404864981
921,233637.98336791992,4250.031464422182 983.4360542245272 1.3430754474200919
922,213415.78483581543,4254.474388103822 984.0303153939608 1.3429457477130606
923,156284.07608032227,4257.668021319154 984.7251930184725 1.3420988849200919
924,168046.94430541992,4260.8592665339975 986.5288047738436 1.3329130939044669
925,313616.4296569824,4267.241414458802 988.039882654703 1.3309981158771231
926,290905.11978149414,4273.384419012024 988.4689292855624 1.4480101398029044
927,298643.3069152832,4279.678264324524 988.9673042245272 1.4476591876544669
928,194814.9511566162,4283.408770403626 990.9240074105624 1.4474531940021231
929,255524.06494140625,4288.690355279114 991.7996177621249 1.4430662921466544
930,219542.56396484375,4293.249207610656 992.4612922616366 1.4428679278888419
931,280139.3829498291,4299.040268194152 993.419765467203 1.2063566974200919
932,204666.17852783203,4303.253074077941 994.1973838754061 1.2063566974200919
933,139285.03771972656,4306.084387346984 994.8823738046053 1.2060057452716544
934,352734.10987854004,4313.247647942687 996.6472740121249 1.2056624225177481
935,189658.13749694824,4317.16789706378 997.2971534676913 1.2050597003497794
936,253450.13662719727,4322.447734807921 997.9868583627108 1.2049910357989981
937,73565.47761535645,4320.6019011653425 999.150104517496 1.2033583453693106
938,109358.87187194824,4322.748384722471 1000.0209770150545 1.2027556232013419
939,234564.78881835938,4327.614411736631 1000.74802016691 1.2026106647052481
940,199569.562210083,4331.746262115049 1001.4025917001131 1.2010161212482169
941,137920.387008667,4334.297843633603 1003.1766090340975 1.2009932330646231
942,240792.26936340332,4339.286688640927 1003.9526405282381 1.2003371051349356
943,223421.89820861816,4343.933744402646 1004.5930290170077 1.2003599933185294
944,143790.66108703613,4346.869015801572 1005.2455100961092 1.2004057696857169
945,279182.9425201416,4352.637111907528 1006.2156104989413 1.2003905108966544
946,210802.44317626953,4356.926333806942 1007.2327232308749 1.2000471881427481
947,322028.15228271484,4363.578783550594 1008.3551139779452 1.1953398517169669
948,247892.1328277588,4368.6931320979575 1009.2474250741366 1.1953017047443106
949,283132.42596435547,4374.553292107723 1010.1839103646639 1.1947142413654044
950,187835.3939666748,4378.3008193660235 1011.4164924569491 1.1945616534747794
951,312914.33435058594,4384.6206046199295 1013.1344032235506 1.1945158771075919
952,233250.83547973633,4389.47807908282 1013.7768058724764 1.1945158771075919
953,217902.39556884766,4393.985005755183 1014.5116157479647 1.1943632892169669
954,133453.73471069336,4396.6019025203195 1015.5850791879061 1.1942641070880606
955,162435.1656036377,4399.925380401179 1016.2907142587069 1.1941572955646231
956,173854.46049499512,4403.527491399714 1016.8514823861483 1.1939131549396231
957,193461.59661865234,4407.461511577936 1017.7974967904452 1.1938444903888419
958,202154.43098449707,4411.568314654108 1018.8022422738436 1.1938292315997794
959,225302.98345947266,4416.035408257623 1020.4015159554842 1.1936384967364981
960,14610.823516845703,4415.370849029107 1021.925884241617 1.1935927203693106
961,101276.50108337402,4417.306662115045 1022.9609565682772 1.1934019855060294
962,240462.71252441406,4422.318669964166 1023.6044349618319 1.1932570270099356
963,116484.76396179199,4424.6185196101615 1024.4741554208163 1.1932036212482169
964,170618.58149719238,4428.140064202446 1025.081386560953 1.1930968097247794
965,336547.53631591797,4435.0822936091845 1026.2992134042147 1.1930510333575919
966,199586.40391540527,4439.181741949028 1027.0964546151522 1.1930739215411856
967,213986.3360595703,4443.551415813774 1028.0639991708163 1.1930052569904044
968,230895.30451965332,4448.20665028643 1029.3677101083163 1.1921660235919669
969,283777.4882507324,4453.8612744075235 1031.2586784310702 1.1921812823810294
970,257897.87268066406,4459.207854095023 1032.076519007242 1.1915861896075919
971,128773.60325622559,4461.7635097102575 1032.979610437906 1.1904494098224356
972,235937.3282470703,4466.605465984671 1033.9425773568514 1.1899000934161856
973,164219.10655212402,4469.821300738089 1035.2818183846834 1.1899992755450919
974,225941.78875732422,4474.379878411429 1036.544017786539 1.1897932818927481
975,294992.0516052246,4480.461832549612 1037.6229820199374 1.1892973712482169
976,297580.6245880127,4486.697236700003 1038.2800102181795 1.1892592242755606
977,364037.96783447266,4494.295533001272 1039.2099952645663 1.1889616778888419
978,435954.4426422119,4503.098457293264 1041.6140479989413 1.1866728595294669
979,214730.72146606445,4507.434302422658 1042.7981300301913 1.1864821246661856
980,193153.76943969727,4511.376165618459 1043.681743616617 1.1854216388263419
981,240956.79385375977,4516.287137395802 1044.8128852792147 1.1853453448810294
982,38132.31575012207,4515.1213574641615 1046.321895594156 1.1852919391193106
983,154358.43612670898,4518.145381609669 1047.5778770394686 1.1842924884357169
984,335335.70095825195,4525.142748650685 1048.442111963785 1.1742674640216544
985,203352.41035461426,4529.298250152149 1049.3486366219881 1.1742598346271231
986,159577.68600463867,4532.494050115528 1050.3436012215975 1.1740690997638419
987,167153.46937561035,4535.774543987598 1051.676601404703 1.1700560382404044
988,221503.07066345215,4540.323935869922 1052.5662193246249 1.1694151690997794
989,176389.12045288086,4543.953955193652 1053.2407035775545 1.1692930987872794
990,248866.38597106934,4549.140332854785 1053.9119224496249 1.1692244342364981
991,264546.85136413574,4554.538456731738 1055.127513880289 1.1691786578693106
992,199830.91513061523,4558.59251017412 1056.146831507242 1.1691862872638419
993,233148.36376953125,4563.306727495898 1057.4051933236483 1.1691405108966544
994,222382.1788635254,4567.861246331347 1058.351665491617 1.1637312701739981
995,184727.53665161133,4571.650590301073 1059.1138267464999 1.1623350909747794
996,148997.31503295898,4574.676697271288 1059.8575706429842 1.1620756915607169
997,340853.21742248535,4581.828155193651 1060.5697135873202 1.1613051227130606
998,240342.012008667,4586.727080157029 1061.6980781503084 1.1613203815021231
999,192728.92613220215,4590.54092974199 1063.0975608773592 1.1603209308185294
